,Label,TRACK_MEAN_SPEED,TRACK_MAX_SPEED,TRACK_MIN_SPEED,TRACK_MEDIAN_SPEED,TRACK_STD_SPEED,TOTAL_DISTANCE_TRAVELED,CONFINEMENT_RATIO,MEAN_STRAIGHT_LINE_SPEED,LINEARITY_OF_FORWARD_PROGRESSION,MEAN_DIRECTIONAL_CHANGE_RATE
0,Track_11,-0.46220242008259677,0.26364422769797335,-0.3560796540794623,-0.6807670419189648,-0.08332609959935494,1.7674966031514039,-0.16714084047121497,-0.27708702373810845,-0.16714084047121566,-0.9140489435633408
1,Track_17,0.2129048940207201,-0.31635760948240627,0.3862466174133263,-0.04417793513523512,0.5412678206626963,1.120682488987355,-0.038814407010387485,0.06577603353020299,-0.038814407010388186,-0.738532268910879
2,Track_25,0.3872445629203874,0.8501511037030165,-0.8046437613611406,0.29939687594744924,0.5159647522977883,1.743769342098325,-0.5416383607692631,-0.4386804942303468,-0.5416383607692621,0.09394187173559321
3,Track_31,1.3925036845488743,0.5284438929986887,1.4718315972601115,1.2995445061951014,2.231373438814652,-0.5319607682467044,4.7849322923108994,7.310001526027287,4.7849322923108994,-1.8333061468192378
4,Track_34,0.7045577890182994,0.5793975255444221,0.9860481040534396,0.25993024570629847,1.8436816730168313,-0.05068714634640163,0.5877058774514595,0.9954825484497873,0.5877058774514605,-0.8195347593484563
5,Track_37,0.42385077818435263,0.0987868912566728,1.2363534524248645,0.1350616495141179,0.3665623413372817,-0.3588186476727357,0.5705856838864047,0.8282136060684995,0.570585683886406,-0.6326737955459018
6,Track_42,-0.7631345736661425,-0.6695791638703287,-0.8046437613611406,-0.9935807714028562,-0.30860763668959884,-0.42500026579411926,1.5585333828678989,0.9823744759229136,1.558533382867895,-1.945420995762588
7,Track_49,0.1459347434089113,-0.2840445158638009,-0.8046437613611406,0.10146748153075323,0.13547718036419507,2.342654519873479,0.6646141140735599,0.7820123881671751,0.6646141140735575,-0.23062481635239435
8,Track_53,1.2598469098799427,0.6262700575203098,-0.10506190062041051,1.0045786520704771,1.5161654667331295,-0.26859649996372686,0.6579672820802125,1.3849020678448796,0.65796728208021,-0.3810042529182241
9,Track_57,-0.7160840557694251,-0.3997244083895624,-0.26717405704644415,-0.9857049261041025,-0.501025536686102,1.4717826509232046,-0.7269772708049127,-0.8004293606264138,-0.7269772708049116,-0.23778818752729705
10,Track_75,0.18543800015127312,0.08398804938793733,0.42476066845755417,0.5246430467770088,0.05802544639444812,-0.20497359983687027,0.25168737431623106,0.3650138470495082,0.25168737431623034,-1.6997174462518683
11,Track_82,0.14046997884879947,0.10888082565954348,-0.14358491791443692,0.17095897214708913,0.532035336434895,1.0067085538561853,-0.047140554307832774,0.03225393279775169,-0.047140554307833475,-1.6499616159238022
12,Track_92,0.4627107040840931,0.8307967528346321,-0.49847704081167427,0.3844225074560018,0.7282004183590058,-0.046394694223094196,0.363526152016234,0.6115863878365152,0.36352615201623334,-0.6965847275358034
13,Track_93,0.10794143208026369,0.13625772459830163,-0.18775036362211597,0.02391300702618506,0.20537898870572044,-0.014278798495643785,0.28187460286446264,0.3632439210669243,0.2818746028644619,-1.7374549860980477
14,Track_104,0.8517989299892204,0.4387384024864184,3.261018364057872,0.6187403621815158,1.0633200991254927,-0.5310667587640611,-0.2878581672214948,-0.029091751395190553,-0.28785816722149377,-1.1346538941434128
15,Track_105,-0.011289215393947732,0.8178810304047158,-0.6013889620481535,0.09290559614554982,0.265256158440695,1.4731446983250505,-0.21679009162671417,-0.1897100347741826,-0.21679009162671486,-0.040521118331156014
16,Track_112,0.09060253717784113,-1.0461981541324903,0.3286802659179042,0.38973880001284467,-0.3109621745441778,-0.6206713322628824,0.5592983742019261,0.642662076595948,0.559298374201927,-0.5437959421064193
17,Track_117,-0.06498416043167687,-0.7096859462785079,0.38613186429556856,-0.07077561818301242,-0.6181277071613878,1.6976172993943632,-0.6247503016186069,-0.6085920866952829,-0.624750301618606,0.1486121627686495
18,Track_119,0.2147737163865454,0.7755003098450318,0.0809084993332171,0.33014077254184937,0.4889722781879446,-0.5917663558236737,0.6189397089834827,0.7709164920208269,0.6189397089834837,-0.24938104443257872
19,Track_126,-0.0643203266288783,-0.8948063456596014,-0.5912686722294469,-0.028051439444559106,-0.5326628297987867,0.3823190129692566,-0.46367884267834375,-0.44920701355301057,-0.4636788426783444,-0.20643993747018138
20,Track_130,1.304665738557756,0.17707795306432347,-0.12030803647280434,1.3691728644462235,0.9472918459830346,-0.21098642969110215,0.8029853711416031,1.6113380629021548,0.8029853711416007,-1.7619490975726257
21,Track_140,-0.18786838816028598,-0.9994507082461643,1.4176346336013501,-0.06025775400947332,-0.6324687126788295,-0.4480012682085436,-0.6174867398535376,-0.6225073737016431,-0.6174867398535384,0.6548263498253654
22,Track_142,1.0533755012943486,0.26594086626084706,-0.10201332369586204,0.8824895895541549,1.8348751366886658,-0.6335877490438857,0.543814612066144,1.1213843309175262,0.5438146120661433,-2.2715398532046307
23,Track_146,1.6086899212105479,0.5995107072225611,0.33785113119483845,0.7315599457759423,2.2698216210147004,0.10642536957016463,-0.01093075664734625,0.5847180000158552,-0.010930756647348822,-1.0354052483729368
24,Track_157,-0.8893048520605423,-0.5567950083127808,-0.12637673559807258,-1.2128919568594738,-0.5813159969083109,-0.23637821140484705,0.48037662565321726,0.07579148255323537,0.48037662565321654,-0.25639323948093806
25,Track_160,0.39267537722305157,0.29195918908296714,0.2937275291714761,0.22597603183301704,0.591095791311996,-0.5564128015140474,0.5253962512154291,0.7611776363263029,0.5253962512154283,-1.1025612346079205
26,Track_163,-0.324477584770169,-0.9933092523844307,0.5978570407171983,-0.3933796829817972,-0.4053362069656804,0.1503504719436784,-0.10705609911712026,-0.18035911232324045,-0.10705609911711908,-0.5195909169972253
27,Track_193,0.34822922117646016,0.7568704752557761,2.163134922134109,0.18420703517397108,0.6095387868997885,-0.6134654283810046,0.9741747521630838,1.236900684437755,0.9741747521630831,-0.1381075638704341
28,Track_287,1.253495433270984,0.3362971316276577,0.3276305186038877,0.7884939865116445,1.6963132919803658,-0.32505496732495737,-0.5462797894961589,-0.2769971887280723,-0.5462797894961596,-0.09448768884151947
29,Track_362,0.3702767570293733,-0.6312245750535659,0.7225958052892257,0.2322185467920638,0.12256656359948989,0.14480534794865635,0.35276249876205584,0.5569760497829906,0.3527624987620551,-0.575368703434139
30,Track_395,0.7832887266465834,-0.22691560664409147,2.505299805441682,0.76338776855293,0.6540556764936186,-0.3139781306253339,1.1792423140319768,1.7696300720171514,1.1792423140319748,0.16597799824776557
31,Track_470,-0.26810144470546565,0.11328873996005476,-0.2656206401889834,-0.2275295658688481,-0.43666134915218496,1.912647677964856,-0.06556621397688363,-0.1236662241204842,-0.06556621397688434,0.002376218576409587
32,Track_580,0.7722151349692865,0.4298292109953481,-0.1370524432076603,0.5515557342079582,0.6186425214194728,-0.29799945250978577,0.7107597005430255,1.1831364984841453,0.7107597005430248,-0.521380486908036
33,Track_639,-0.5295384574200169,0.8799681154503064,-0.2983241878813494,-0.3989440013793254,-0.4301721935687261,1.5473740329022905,0.1445680176000128,-0.03208499909752131,0.14456801760001373,-0.04609431380829532
34,Track_742,-0.33817205199936606,0.5491014029829464,-0.8046437613611406,-0.3074380550504549,-0.2621491598912877,1.7105342536993717,-0.2777457163042956,-0.3397794548508342,-0.27774571630429634,0.3667700853788368
35,Track_825,0.9021681717450932,0.338274827928201,-0.45078749543034075,0.5063972333633429,1.191860485684369,0.5720789366218932,-0.46178666467192997,-0.2370711358019547,-0.46178666467193064,0.09772267198258745
36,Track_842,0.12191829846717768,-1.0714485775894855,0.13450259905974227,0.2959456945400973,-0.895988858786335,-0.6360453009605047,0.24317145275079782,0.32895257974500347,0.24317145275079877,-0.12992084363932765
37,Track_911,1.3547242938706217,0.8846704284257715,1.2888135973978248,1.0667963157712386,2.467464585661022,-0.5743920836098709,1.4102422471613114,2.4952783181245937,1.4102422471613127,-1.8809039397066307
38,Track_936,1.24772070483418,0.26097714184653836,0.6145414172095985,1.3144080730309586,1.06395907155063,-0.6318063370937756,5.767060580860596,8.405527072383908,5.767060580860599,-2.2741718343076065
39,Track_951,0.22071201319827266,0.12304401027155216,1.1554543001382989,0.08339473985398094,0.3461020629381794,-0.5644967464140891,1.4255270160266467,1.6394226166991739,1.425527016026644,0.08849395522016756
40,Track_1023,-0.4097158584894204,-0.6526334480326089,-0.3101082727383164,-0.5288160663127379,-0.5592304311277746,1.2102637029044647,-0.5124208319110068,-0.5673939833125566,-0.5124208319110075,-0.3669115281787173
41,Track_1038,0.4660988428464044,0.8174954136679194,0.7175716560261437,0.19898533265290183,0.8557149196043631,0.12738244996775333,-0.72223487905217,-0.6301866291474639,-0.7222348790521707,0.5728145180309061
42,Track_1052,-0.018591576701465454,0.1327972459366508,-0.6589256983438304,-0.09202667433294408,-0.013137027683931124,0.5453695980353347,-1.043986447267789,-1.0209298181066035,-1.04398644726779,0.20032398649503222
43,Track_1110,-0.31522080617046244,-0.5088897580022247,0.32470876877455157,-0.3430639928741545,-0.3784506155555875,1.5835701305638148,0.27633162371968417,0.17338382514180015,0.27633162371968184,0.3202809286824148
44,Track_1136,-0.5496975067160551,0.4840516845536467,-0.6258263726453324,-1.0859060524572373,0.3017175877782964,1.3238767429110714,-0.6426448863858059,-0.7059038150472318,-0.6426448863858065,-0.44377972077469185
45,Track_1183,-0.2811280177526938,0.8093293365060006,-0.39940391860818636,-0.4053484507165172,0.13438414730376186,1.5900727847296037,0.6222887480110614,0.5082076596062343,0.622288748011059,-0.2539558142756469
46,Track_1197,0.02827183233938866,0.11528597277330031,-0.22245294627494833,-0.13692923779505928,0.19964945962536784,0.5438014874452745,1.2722269699907942,1.3347652979450166,1.2722269699907935,-0.2480702489187773
47,Track_1282,0.6446111802254497,-0.4481873246011036,0.8083219104999325,1.0093144590771936,0.40713680630489185,0.134399416402145,1.5517889186418783,2.1186117112982115,1.5517889186418776,-1.898499080748713
48,Track_1283,0.7185502635757917,0.2517033025238272,-0.39383860008543664,1.1734373687870285,1.237584803972589,-0.4992116415657281,3.427391389633102,4.465893277737102,3.4273913896330996,-1.9331752051663809
49,Track_1320,0.44450775538040066,0.620785850764113,0.30170335741060456,0.9645710388403376,0.5161632285178053,1.2359378139111,0.6246655538635407,0.9005758018397699,0.6246655538635416,-1.6372852390152046
50,Track_1389,-0.29482743240372355,0.5840979133248408,-0.001927584241865252,-0.41843640690158773,-0.01549393118627085,1.4882699461213358,-0.9038038208794689,-0.9045417864166042,-0.9038038208794695,-0.29147723011220217
51,Track_1463,-0.777565520090395,-1.0073397099767487,-0.6599484247799589,-1.220546233301953,-0.5196938374806509,0.974560372906362,0.21055876737412682,-0.0789752132677935,0.2105587673741245,-0.559895769039662
52,Track_1472,-0.20292240721633045,-0.5306795244290305,0.10383915026116022,-0.589566826614491,0.14506735458641765,-0.31855606929042524,-0.8578714828166218,-0.8529742348023399,-0.8578714828166225,-0.21819495988418297
53,Track_1483,-0.20413153338676407,-0.3809703372291398,0.2676330644167345,-0.7350154009764197,0.22807946141988567,0.6117741744420789,2.175914101925557,2.0218227343110793,2.1759141019255566,-1.2530157623166618
54,Track_1489,1.0796379528042215,-0.10611377918889638,-0.41730437408811166,1.1511787873504802,0.5137490712889494,-0.15480584781204795,1.1024529919497537,1.8755866033884783,1.1024529919497512,-1.9823542324316892
55,Track_1496,-0.7020131817485868,0.3191864574284811,-0.4565235001320453,-1.1047653023438855,-0.2566412525281424,1.0313591755302192,0.12691385391698756,-0.11456369708389312,0.12691385391698684,-0.5435374079097233
56,Track_1515,-0.2505181076378374,-0.4380547463388817,-0.697770161043337,-0.4315276827067426,-0.11834656754419935,1.4739693310400928,-0.5736123053416005,-0.5922856250397344,-0.5736123053415993,-0.44772992283882923
57,Track_1546,-0.23156307994981376,-0.4610812383169289,-0.3782517085346327,-0.24805115013257797,-0.3764530478450765,0.9420540631147429,0.791164249172482,0.6934908585044874,0.7911642491724796,0.08008745435475977
58,Track_1548,1.8404311392550556,0.8276811783305453,0.8832007837616644,0.8960416992326881,3.3828601623623302,-0.09377496567625147,0.09104813511162192,0.823998350942929,0.09104813511162121,-0.334650870419718
59,Track_1603,0.0076752335472388585,0.22980103544960062,0.23355690555818479,0.16220171529012742,-0.4897894379095849,1.5786874648889444,0.5235373110063914,0.5635495681427394,0.523537311006394,-0.4099455730342013
60,Track_1606,-0.0257844893303004,-0.2457587254826689,-0.3886171527523245,-0.006752709448892611,0.18248209097096615,1.1032073191344378,0.73292757515187,0.7559848857228685,0.7329275751518709,0.28379523413081925
61,Track_1617,0.5826598538789446,0.3454361944191206,0.9586725090556498,0.5569953282164866,0.712217898574346,0.2095559133647725,0.2896983180478569,0.5797744452575342,0.2896983180478562,-0.12042291753073887
62,Track_1619,-1.1077465443350785,-1.2922544245342156,-0.8046437613391366,-1.6959280500513942,-0.6679267889588719,0.5945762348501977,0.5636814917599571,0.024385767231590187,0.5636814917599564,-0.05744276547235845
63,Track_1638,1.080418980753305,0.8003190861552933,1.1465430118457933,0.7118922652614859,1.2333421021051048,-0.11252072457381555,-0.6919179258105623,-0.503479067382643,-0.691917925810563,0.2858374349417687
64,Track_1685,-0.6052149200535467,-1.1906443462501166,1.0020984308144973,-0.8010722130915119,-0.6865691268293086,-0.22569866364765884,1.0278962133492497,0.6706060488928596,1.027896213349246,-0.7855881667403971
65,Track_1690,3.2966026727672104,0.8858821074786936,3.7281177559123617,2.6331532503444746,3.1102107421188028,-0.6587095003413415,-0.15871750615155286,0.8836777015520701,-0.15871750615155356,1.1720157623384733
66,Track_1713,-0.5991197059018717,0.6827166136939937,-0.5620032610655056,-0.8913882550666892,-0.26791987763059083,1.0483115378160657,0.4322222942093694,0.17945639206569386,0.4322222942093687,-0.2282776393100042
67,Track_1737,-0.018257018879880904,-1.1312249886490848,-0.30377348125150877,-0.21886564154907567,-0.3246277117143758,-0.1452485696498588,-0.5801648567612072,-0.5559774980036019,-0.5801648567612095,0.7033333109937195
68,Track_1745,-0.8027788958286726,0.21706645733225816,-0.8046437613611406,-1.0011167674276755,-0.15038890427038626,-0.009924575310903029,0.20060748571040793,-0.09713046180040959,0.20060748571040724,-0.16834309737425188
69,Track_1778,0.31525648143048485,0.6585415459094064,-0.5657967755735827,0.44637455953528943,0.7461437137741043,0.27529358484050165,0.22142712146382693,0.3872421260126791,0.22142712146382623,-1.3358262542626311
70,Track_1805,-1.0174380246694004,-1.1500293762864948,-0.8046437613611406,-1.280645394504136,-0.8857252937651916,0.6048056821873083,0.46305981028746573,8.290016506566105e-05,0.463059810287465,-0.34234362695767884
71,Track_1818,0.2856597037167638,0.5500085308027575,-0.8046437613584071,0.10562433123887004,0.8833818857765471,1.8254791530779961,-0.7685159260932907,-0.7061313605021932,-0.7685159260932913,-0.28180200061769234
72,Track_1836,0.2871307922171862,-0.9133216851052063,-0.24231998261902243,0.17006672024013622,-0.1537091376067749,-0.18939391394977226,0.029384845168696754,0.16567567647550152,0.029384845168696053,-0.07552879379559188
73,Track_1838,1.2285292639187513,0.1423153520858924,0.714474714293791,1.6880108749298042,0.7480473918762254,-0.5818522626626816,6.518956603165238,9.396065364585745,6.518956603165239,-3.295724739444917
74,Track_1853,-0.12280458178928683,0.22546174558118068,-0.24895873248341874,-0.06779727222214366,-0.17087789497509143,0.6157972877316875,-0.8375936645824785,-0.8251929737431445,-0.8375936645824793,-0.18135588728448032
75,Track_1861,-0.12975828609013612,0.3438820383403218,-0.09004620228769379,-0.4120261668177003,0.2987020974066026,1.4250812211583876,-0.01326939093685195,-0.026712751903102516,-0.01326939093685265,-1.5143590401077076
76,Track_1894,-0.5856644495094447,-0.23731826746061155,0.05187612081048557,-0.9983794548235626,-0.05170959281480014,-0.3876346764461879,0.6103769313569913,0.3347247771918999,0.6103769313569923,0.4774883460885703
77,Track_1906,1.5633608149771316,0.37630442952888404,0.4094211285680118,1.4389760527196969,1.4628558665531959,2.27724919013151,-0.0006270017861679386,0.5839649437047035,-0.000627001786167003,-1.0575978903323178
78,Track_1921,-0.7952736657548706,-1.1901530847784536,-0.5781818883451781,-1.153782122780836,-0.6512195489459045,0.7668516016889414,0.28364962069993305,-0.029804155835441586,0.2836496206999323,-0.023723560763950192
79,Track_1947,1.2824970880627486,-0.17171412361838928,1.5737199020627926,1.24449596370374,0.6602791737334599,-0.41545264960100864,0.4560453862508213,1.1175020613623725,0.45604538625082064,0.5922367397098491
80,Track_1953,0.6476022010082947,0.7907242236977892,1.5695436816143455,0.5397611608764865,0.8133451023383711,-0.310527790643035,0.5008536794561077,0.8613763247069126,0.500853679456107,-0.29606855137007776
81,Track_1970,-0.0637471310444855,-0.3085442794094493,0.013136275011436143,-0.10335728742298693,-0.17110110100989082,-0.09523175564263735,-0.769904443951997,-0.7519398679537271,-0.7699044439519976,0.991178495520128
82,Track_1995,-0.7409914743689384,-0.539810801706476,-0.804643761351361,-0.7775677937866051,-1.0204716501933981,0.7861391210014791,-0.14494134624664654,-0.34441878459354086,-0.14494134624664723,0.5648351121606398
83,Track_2006,-1.1983287189085847,-0.7100074228277856,-0.8046437613611406,-1.5813229469338976,-0.7600909287328986,0.3603496072464084,1.2064212214322316,0.3980970412959661,1.2064212214322343,0.1515919801947814
84,Track_2019,0.9699432735731833,-0.6569410839162292,2.448984286780374,0.9459985784640966,0.539666750837775,-0.6325679446326752,4.082218294440343,5.655760172200711,4.082218294440341,-2.8246171741609394
85,Track_2038,0.5790667205421951,0.525411064547993,-0.5738170873945269,0.42172040692764134,1.202930820369471,-0.6416171368859176,0.8481658398075304,1.236303248886492,0.8481658398075261,-1.577067042915924
86,Track_2106,-0.0076752335472388585,0.7508278491393359,1.0067078890625545,0.13272395558534333,-0.3567081531864549,-0.4192688135762373,-0.18349331596737348,-0.15518222894546113,-0.1834933159673742,0.4435656948653034
87,Track_2127,-0.6053788343362752,0.7286157268810817,-0.26705377397706975,-0.8130624194876669,-0.17743950419212512,0.8451573253255552,-0.16415833754503836,-0.31819292714226116,-0.1641583375450408,0.21096426733035661
88,Track_2140,-0.6803940622592151,0.03088171050315308,-0.5306352661858538,-1.082132605096518,-0.017014384677286058,0.38142308219522314,0.020382752162779173,-0.19211231932092016,0.02038275216277683,-0.5564177187882907
89,Track_2156,-0.25319582744673774,-0.7185833921982764,-0.804643761329357,-0.04114689890993451,-0.21045027485430803,1.1460473866669196,0.4171392614798666,0.33176633615941176,0.41713926147986585,-0.5117028663676939
90,Track_2208,-0.1313724037702381,-0.0073521062788934775,-0.09087811525132913,-0.17907116126305858,-0.37908639387886606,1.216290385818029,-0.26113289131849476,-0.2674752261630832,-0.2611328913184955,0.35965255611200747
91,Track_2239,-0.8966753211371176,0.07996604445803238,-0.669514314301811,-1.4277686609336968,-0.4259335207812881,0.5310454155632874,0.7520346540901512,0.2741376243324657,0.7520346540901524,-0.10539143883509502
92,Track_2253,0.5188695351259486,-0.7002471560620831,0.10413197629386174,0.34238154122551695,-0.04733365153912159,0.5196716320109452,0.4242798294094107,0.7079766664263658,0.4242798294094084,0.9205759178122778
93,Track_2257,0.3188790423021377,0.6447330110410123,0.5003597672195386,0.21822016135002845,0.3759646326069791,0.9492128620802627,-0.3667812053363124,-0.2592969300803196,-0.36678120533631314,0.6046581360589852
94,Track_2266,0.3835963782639042,-0.221187316468483,0.7396058313945943,0.5081459784089231,0.3344378245074456,-0.4170244139071008,0.07917043791485473,0.25642430596326626,0.0791704379148559,-0.49684814941622224
95,Track_2279,-0.2081574875539644,-0.24994913476321087,0.03640276490284764,-0.2034076756181857,-0.330352996028921,1.1112327927113848,0.4401266470062821,0.37498540956465054,0.44012664700628146,-0.13424654736461683
96,Track_2280,1.6880722778256456,0.43828879727287007,1.2276636042935447,1.7081315939637876,1.778845846743812,0.22997890402452267,1.3909045592414435,2.72257408712618,1.3909045592414429,-1.4293920071903967
97,Track_2289,-0.18838586470577207,-0.4489281242788685,-0.804643761351361,-0.14130140614333841,0.1792496494656638,1.1208574748359492,1.367776008922044,1.2679175983652116,1.3677760089220434,-1.0412939644906671
98,Track_2299,-1.3304928294434768,0.584486990812613,-0.8046437613605293,-2.058189695947479,-0.04449946547959504,0.12692433419961252,-0.8512938139736708,-0.9626323533976129,-0.8512938139736714,-0.6755163607732714
99,Track_2302,0.7453058467837529,0.332831866498818,0.25336270657818355,0.6606098777054877,1.276140537922644,1.5696771781136944,0.945884115424305,1.4565763686383209,0.9458841154243043,-0.9356780545328728
100,Track_2304,0.8638184532755089,0.7106674128359554,0.9103842141760351,0.45338150308374264,2.4131826042862117,-0.6378359391667573,-0.04472695786020114,0.2810486559858361,-0.044726957860203476,0.17218552363825437
101,Track_2356,-0.6823448728640038,0.25885109805101547,-0.33803297097109,-1.0832869882123177,-0.24574950344974694,0.661140251294457,0.33650097834500126,0.062205631590566836,0.33650097834499887,-0.30371627063683365
102,Track_2361,-0.3610503534187948,0.6303444843738069,-0.2221633660306748,-0.7238221736165975,0.19216423790702858,0.9284883960771152,0.21318059855112334,0.09652150589474312,0.21318059855112265,1.0468697598159302
103,Track_2378,0.47438118013769487,-0.10916221822384507,1.298876111631502,0.7443860424900924,0.5088856650467836,-0.04149125203504717,2.018988697039611,2.5167182434242337,2.0189886970396107,-1.4533068930461983
104,Track_2410,-0.8228321641685405,0.7747357920031325,-0.7479652859744713,-1.5378270657225,0.23034122235306878,0.5108059840235811,-0.4150788543983161,-0.5766076694438049,-0.41507885439831677,0.06873012992603568
105,Track_2414,0.4031703270314875,0.8556029645097126,0.6035253990855888,-0.12678590486328908,1.236214758222229,-0.4997800071205353,-0.8118509118155537,-0.7400076370596868,-0.8118509118155545,-0.6016990054901292
106,Track_2489,0.7441536171760366,0.16510634365408636,1.2443639383378864,0.8537192576591575,0.2723071340155081,0.3440235952652394,0.863211907314954,1.354404042334889,0.8632119073149533,-0.41063954793881435
107,Track_2491,-0.40009525422128306,-0.23542652692045707,-0.10812107892110423,-0.5074528070977796,-0.4763245976016068,0.6625936967362098,0.38914994257849406,0.23685498802366678,0.38914994257849334,-0.22904265685918473
108,Track_2503,-0.6894958370792152,-0.4768812593451875,-0.7333635140453533,-1.171403973899669,-0.09314577963448435,0.5785449451147793,-0.5382691300279182,-0.6448852317721839,-0.5382691300279189,-1.4846229871064094
109,Track_2554,0.05499173136212962,0.6524919788860104,-0.2104029427920473,0.3954624537032132,0.15223706932267547,1.169387908229866,0.33454960730393996,0.39406014844372267,0.3345496073039376,-0.4038148631999597
110,Track_2561,-0.569048529175245,-1.4174015503072788,-0.19537838064548335,-0.47478521554745423,-1.183104187979606,0.6514518542578186,-0.4594676846819186,-0.5551941458479788,-0.4594676846819193,0.14810746161243757
111,Track_2594,-0.4431171667481959,-0.17598835165599166,-0.8046437613611406,-0.7071664923301119,-0.07383557778589063,0.7334876329358359,0.362043819605652,0.19293014814084863,0.3620438196056497,-0.17736624791504488
112,Track_2618,-0.14191354066696404,0.7469080388256444,0.02601799586337528,-0.2028331710991581,0.280725308739275,0.9621498023354641,0.09761179566505859,0.07614397590454733,0.09761179566505788,-0.0023762185764083016
113,Track_2627,-0.13295572539460704,0.13476953297055744,-0.44283681763438415,-0.17012743889818913,-0.10371927768071669,0.9693635538689711,-0.375374769816505,-0.37856879696104007,-0.375374769816504,-0.4386259796050405
114,Track_2628,0.36969503032211876,-0.3116980737894847,-0.03156649140797943,0.3447634780483864,-0.09636700683065329,0.9937622530413469,-0.3475694802919179,-0.22536493864320917,-0.3475694802919186,0.1997208744287157
115,Track_2631,0.8350545427068996,-0.09522249275968465,1.292497662155654,0.9164119669392812,1.1025238109642896,-0.4958316773905854,0.2155821487898977,0.5976432458249149,0.21558214878989698,-1.3671410684055862
116,Track_2632,-0.2813003948378933,-0.22251378724161167,0.12758232020121305,-0.4621571235283809,-0.011518079191667948,-0.4469166573840177,0.08959425314432133,0.015428458024048646,0.08959425314432064,-0.4473572857737565
117,Track_2635,0.09279450256974654,-0.1947735033380324,0.545323430542244,0.2973829201924125,-0.31938455475391775,1.134761047834718,0.5767193655518761,0.6618314101220167,0.5767193655518753,-0.838895991137293
118,Track_2655,0.8215891290879395,0.04310049864089752,0.822600040832904,0.9591379682508668,0.5517475469059164,-0.5193740406051149,-0.3535550330796253,-0.11932532245281831,-0.3535550330796244,1.1469340799120307
119,Track_2667,0.0784972651825587,-0.03772422634528167,0.4340946867692474,0.011256437101016545,0.4009426512901868,-0.24049098080975093,2.039214338033904,2.162053377392793,2.0392143380339016,-1.1495642879816053
120,Track_2668,0.4963701284173071,-0.004989171155660665,0.1405850835316832,0.48698588383097036,0.1655013357034663,1.393884161754576,-0.46167244347559466,-0.325222891937467,-0.46167244347559533,0.17442386419761752
121,Track_2704,1.496606683139805,-0.019833386268344397,0.02593008148584991,1.005630181151855,2.062986392324858,-0.13992170539284676,-0.7701661728568812,-0.5545219344426485,-0.7701661728568819,0.40266848639713354
122,Track_2711,-0.17266126026518844,-0.34487120411881106,-0.1474118289669373,-0.39299362644159785,0.28142399596044326,0.8691664141831857,0.24879417614428226,0.2090538849233158,0.2487941761442832,-0.4359565216976142
123,Track_2726,-0.38257382255339945,-1.4888171669384411,0.08544877837796856,-0.1860871420847229,-1.0808885812740467,0.1940343088600751,-0.15883738133321518,-0.24541787551913422,-0.15883738133321587,0.25511470517880186
124,Track_2729,-0.7227824156487541,0.18634210271235593,-0.23908711238865646,-1.366816772334247,0.24162399349451652,0.44400547072124447,0.1799917939625684,-0.08049827733620596,0.1799917939625677,-0.4616600906939069
125,Track_2735,-0.2187758584898193,-1.2052420456617832,-0.3667345135457238,0.10720275969992876,-0.3440905659408781,0.7508003803686296,-0.7488447550103096,-0.7517259671189486,-0.7488447550103102,-0.9218740230006538
126,Track_2750,0.6802242219688149,0.30740663442507654,0.4548914978288477,0.31159773042112054,1.11745466480097,-0.29956267195533537,-0.9186088641090663,-0.8372988054152192,-0.9186088641090653,0.24102331637771363
127,Track_2776,1.4505023972513622,0.5162152601277759,0.5122606146411093,0.8659061322309565,1.9994134228787235,-0.01791383800097894,-0.7876578107394546,-0.5854666656326751,-0.7876578107394553,0.41743608910008423
128,Track_2783,-0.55549423887617,0.37906680353688865,-0.017982553489368763,-0.6736653989170848,-0.1622616682818294,0.5354794095362584,-0.3043076809915546,-0.4212654696634617,-0.30430768099155353,0.2522271429992103
129,Track_2798,0.848012620525207,0.36927215972514554,1.8351816413848714,0.4658383684974307,1.1410168990789604,-0.3328289594263604,-0.33248283337940426,-0.0862323254546002,-0.3324828333794066,0.2695321547461726
130,Track_2819,0.01575110658504702,-1.4323659443624508,0.49291409710844536,0.14412671075745268,-0.8424273736747951,0.9527769454971388,-0.0761987524092671,-0.03953690442214952,-0.07619875240926616,0.26583857822592444
131,Track_2821,-0.6920682891884328,0.6436555907070665,-0.05073954245159021,-0.9667528183827915,0.12826280671832774,-0.4806414714544036,-1.0356670205880738,-1.0452236148974328,-1.0356670205880745,0.41439374658235995
132,Track_2835,1.0884201592643372,0.4544699790257076,0.3966112082038664,0.8522499489638155,1.7156167326776348,0.45855106918273336,-0.9640765942394001,-0.8638443862234516,-0.9640765942394007,0.9634724679703054
133,Track_2855,-0.10748135323878553,0.4360650709120592,0.03647951254097497,-0.27554186645227174,0.15771167062773608,-0.1235852846579653,-1.0935276052164091,-1.0733767378112835,-1.0935276052164098,0.1539355979143156
134,Track_2868,-0.3077035988827879,0.32760505816894575,-0.5964757738211498,-0.28633208413470496,-0.7464529691502837,0.683338164709366,0.19660526045274848,0.10353594048839602,0.1966052604527478,0.031132768837986994
135,Track_2902,-0.24777716320699222,-0.6425980415228435,-0.47965694277637366,-0.2805070918927757,-0.2263246755607569,0.4400081671709972,-0.177691781777843,-0.22168366564844832,-0.17769178177784373,-0.12195656544049002
136,Track_2903,-0.40008311483162723,-0.470680767987525,0.7373261395930697,-0.573015010028821,-0.21090160297569063,-0.24676830667821079,-0.7504410036126443,-0.7772548501229563,-0.7504410036126433,-0.2274593037631153
137,Track_2963,0.09344351801414674,0.15224893082834948,0.509431409203529,-0.04301922220356439,-0.05472332713106067,0.9220446426321258,-0.34488200023384974,-0.29197999067262553,-0.34488200023385046,0.7967665479343736
138,Track_2975,-1.3026488412839972,-1.6429895482360746,-0.4076338175604757,-1.568841816651176,-1.2248782095264108,-0.1159290661712702,0.31560678844496487,-0.2316935414029005,0.3156067884449658,0.8930457054458062
139,Track_3009,-1.0680391389289967,-0.6431207169785804,-0.8046437613611406,-1.4279701375575082,-0.6991276707886851,0.03516053979867276,-0.06565086362148667,-0.39114988672633283,-0.06565086362148738,0.2570557855299132
140,Track_3010,0.12426131051553287,-0.5353108340818714,0.1302565800125063,0.14156814864216238,-0.3708624394486482,0.48981545191121256,-0.13426653336384037,-0.06424708976620751,-0.1342665333638411,0.8790450089482282
141,Track_3064,0.44157915144703797,-0.07250886937382103,-0.8046437613611406,0.5548397406228883,-0.12434390801356361,0.3323290412673419,-0.24242667346027427,-0.08766466320857179,-0.2424266734602766,0.6603874376938638
142,Track_3111,-1.26121474522078,-1.5414735173032843,-0.8046437613611406,-1.763305920665839,-0.7034214161196486,-0.15087811355976216,-0.744460697185738,-0.8875499437306347,-0.7444606971857387,-0.3572864459987747
143,Track_3114,-0.182959974337578,-0.5474276786845296,-0.5998646932158184,-0.2405682738086692,-0.13446613798265178,0.611734526492091,0.8197913674884669,0.7493155879583228,0.8197913674884663,-0.8462575642628505
144,Track_3138,-0.2730687083982452,-0.8786196298060285,-0.42280934071683735,-0.2781023299277566,-0.29196840979971467,0.5333119693146563,-0.056153959386634936,-0.11659863629151748,-0.056153959386635637,0.38139334093613825
145,Track_3220,1.237832327512256,0.814187201664383,2.1060189466265262,1.209999628684457,0.4633819352049492,0.15967981582420684,-0.43184114423767306,-0.12294448347101056,-0.4318411442376738,0.9232119153123916
146,Track_3225,-0.033436023069482276,-0.7360056893357266,0.43199837708201605,0.0035166145495261142,-0.29279917830632424,-0.23113897236816794,-0.5053841291469957,-0.48412422363475477,-0.5053841291469982,0.14158915592145835
147,Track_3257,-0.21156790548659038,-0.7094435797283709,-0.04463014263142635,-0.31570159732651126,-0.49444205619238396,0.4941385933344842,0.05723499707114863,0.011334888289248848,0.05723499707114793,0.5601429623997621
148,Track_3261,0.4914060792223249,0.07485598269900272,0.23134751879939214,0.4532662322389219,0.27146840257560295,0.9699964382775215,-0.933593616146525,-0.8702317869223315,-0.9335936161465257,0.27986934401245694
149,Track_3341,-0.03841390451989638,0.41483679142009816,-0.6178205325132538,-0.15763357250457824,0.7503493644994133,-0.2095845182862223,-0.018603099979797297,-8.290016506566105e-05,-0.018603099979797998,0.49940349254049204
150,Track_3371,0.09206376873718858,0.03775904724651196,1.0408206829111772,0.07032784290326535,0.04226402723687292,0.6176915954252827,-0.30315588742932986,-0.249144827655044,-0.3031558874293289,-0.019619371934447016
151,Track_3374,0.023380769746867897,-0.7928150866521849,-0.1666532344912577,0.13108840316570697,-0.6388795697351212,-0.4560422644639765,0.02591004990154287,0.0665969724272706,0.025910049901542165,-0.3450004279274284
152,Track_3386,-0.19008886071570189,-0.7868099878242196,0.20432157994719108,-0.10165573646149546,-0.645306305802648,0.42574303268084684,0.04872758945950753,0.011195597447902201,0.04872758945950519,0.6433750920943253
153,Track_3421,0.9135107258767016,0.7382638532436767,0.5326988042284221,0.6839081525646903,1.1459353157018999,0.09243450074375892,-1.076908680102605,-1.0200915122769763,-1.0769086801026058,1.3589443281641862
154,Track_3441,-0.5292939231123933,-0.007638194425506769,-0.10337429040979813,-0.9657470765983653,-0.016287955287671626,0.1710986139531452,-0.15674654056676826,-0.2886540495912148,-0.15674654056676895,0.519133784168654
155,Track_3444,-0.01796073058795401,-0.8578348074288275,0.7446530569733737,-0.34563826127541647,0.06021916347429164,-0.27217660764950524,-0.0578028329204509,-0.03225963525963318,-0.0578028329204516,0.01668781296570857
156,Track_3451,0.2586884626765013,-0.11519032827612208,0.4551960718288485,0.10798510492206492,-0.12039359519908853,0.28865176564305833,-0.3938302363179051,-0.3033981671749238,-0.39383023631790576,0.6220242890371837
157,Track_3545,-1.008620592020235,-1.5521840613488718,-0.3406486930649792,-1.0825473283655833,-1.1465971467334473,-0.1973843804274492,-0.21204603089104,-0.47531284446625327,-0.21204603089104232,0.005781606762627709
158,Track_3547,1.1843313560001911,-0.0890436022768312,1.829911080680772,0.9330700412961078,1.1891761530151899,0.1923134069440239,-0.9014872260264418,-0.7722548809012194,-0.9014872260264425,0.9396772647466535
159,Track_3557,-0.40712349547386717,-0.026545356387929212,-0.027876032574131675,-0.5091522747483785,-0.238127681231961,0.16484011246992541,0.8319898430132356,0.6267257184702277,0.8319898430132333,0.522576365131195
160,Track_3585,-1.0230423430138802,0.33378045814343643,-0.11679956548813485,-1.2746205919564448,-0.45092774039047745,-0.22861894630285262,0.7478444046254923,0.1984884916325198,0.7478444046254916,-0.27782125072359026
161,Track_3627,-0.5173674454379616,-0.6767225361825498,-0.5274156218426613,-0.37140537000976986,-0.8305317888776227,0.04998960920913381,1.3667431976625755,1.0181065369740652,1.3667431976625732,0.2443920114715165
162,Track_3639,0.6794169856705552,0.05693731096643404,1.9936804848937373,0.4379035001105464,0.5710809105085053,0.7527748094528286,-0.598452729532548,-0.4506222842192213,-0.598452729532547,0.9859015410147984
163,Track_3649,-0.393868130445718,0.2566705972684515,-0.19767213472322667,-0.6290541102872994,-0.052181032925188706,-0.6040821603278139,-0.912385798566161,-0.9208416976749869,-0.9123857985661618,0.39721555250219653
164,Track_3679,-0.5509231337276864,-0.001735097249739428,0.2993938614790706,-0.5722453862439896,-0.4737574743722789,0.009924575310903029,0.08249966536967417,-0.09303368558302218,0.08249966536967535,-0.594016032015112
165,Track_3734,-1.0399350292216396,-0.2875301085482774,-0.8046437613611406,-1.3494603224486634,-0.6281201636412573,-0.31661338249329707,-0.9393549970260544,-0.9945302926858052,-0.9393549970260551,-0.5200225350836827
166,Track_3754,-0.3262635015559325,-0.318183364247031,-0.37972989966351545,-0.41818131736372777,0.06567077112310686,0.07707877664000691,0.7070973471991815,0.5612856547963831,0.7070973471991792,-0.7148767030413218
167,Track_3782,-0.2756767559153579,0.4674978440194483,0.014220422962212964,-0.4227661294978858,-0.28868483126673594,0.09109267890832069,0.3021092682820017,0.214471889570811,0.3021092682819991,0.35659213450080046
168,Track_3783,-0.5643000815408392,-0.9138466742375453,0.09458025664983197,-0.7656956328353474,-0.654934657250874,-0.07127083858039943,-0.9194575620532144,-0.9412418761296137,-0.919457562053215,0.1422954103292955
169,Track_3784,0.2568753418803956,0.5846568766180684,0.20180425242387665,0.25885500731488165,0.5766925877614261,0.38209416045575534,0.28899263581913104,0.4359934228516866,0.2889926358191303,-1.3140790031113032
170,Track_3787,-1.108728764363804,-1.4650229725980521,0.31589762986028613,-1.2997640506120092,-1.158633501029118,-0.38293156268471845,0.18579701946718585,-0.23349506085620167,0.18579701946718516,0.5767369043076829
171,Track_3802,-0.5456799498137316,-1.22158491041637,0.13872337763962284,-0.38566098862559045,-1.0007360973014818,-0.07421525676234686,-0.2609978222450407,-0.38199178871200573,-0.2609978222450414,0.548135856251337
172,Track_3845,-0.665455749420364,-1.3242826468548332,-0.8046437613611406,-1.277464127237177,-0.26905523555442806,-0.17961506374425304,-0.9463040086325597,-0.9713983071851133,-0.9463040086325605,-1.1407587967669792
173,Track_3865,1.5648358924256889,0.35008263312958626,-0.4963906984919014,1.2910679156624303,2.2504810984822723,-0.5956536122635856,1.7783449596869247,3.197591351827148,1.7783449596869227,-0.37892372749970576
174,Track_3871,0.9717322186041929,0.8108704454297506,-0.5047996127152917,0.5145161664942829,1.809026352299082,0.6903010034836887,-0.9784577954762768,-0.8905708698474851,-0.9784577954762792,0.6187875579765132
175,Track_3878,1.5474547736256241,0.30316543954341246,2.869555390939614,1.0805649023323742,2.154520959195737,-0.30954288776055106,-0.2989897778366395,0.1416105866857063,-0.29898977783664016,0.1943544021032001
176,Track_3884,-0.25093230646972736,-0.6040622711635537,-0.340374128054529,-0.003516614549526757,-0.614931179401489,0.023639595898804,-0.6870046917266355,-0.6982528514260739,-0.6870046917266361,0.6890206830302694
177,Track_3888,-0.2442122134588225,-0.6298495693533848,-0.5392106735777304,-0.2883371817450901,-0.606969694951323,0.019834175036639565,0.022904999787188435,-0.03288640844317098,0.022904999787186096,0.5893546437672806
178,Track_3904,0.13442919405184084,-0.09979644038826911,0.5758068321005431,0.1679049024083194,-0.10254028416956669,0.2139338869127925,-0.2068817978581039,-0.13711064726886485,-0.2068817978581046,-0.5690624743233151
179,Track_3926,-0.98237953889818,-1.7852034273730062,-0.29594486500181827,-1.17058029718213,-1.1294870622774646,-0.3861218533254997,0.20581290764802332,-0.16751953891523377,0.2058129076480226,0.7459133209122537
180,Track_3958,-0.3732682654982887,-1.1953013795034066,0.31227865043803815,-0.14193265716774828,-0.9210633663890689,-0.09182258704578498,-0.6895789110160944,-0.7190601725161406,-0.6895789110160934,0.8749358402513499
181,Track_3962,-1.0934530545911676,-1.6938045114873554,-0.8046437613611406,-1.2725889134168409,-1.1400041514866646,-0.5047160186207641,-0.09312640769705789,-0.41848208361974415,-0.09312640769705859,0.5197366824910538
182,Track_3963,-0.06019549738465308,0.03231708561238785,-0.5910227908633705,-0.20722668553809045,-0.08397620397098896,0.07114083606193758,-0.27519294870701927,-0.26170205554406273,-0.27519294870702,0.5780817613201595
183,Track_3966,0.08565888052063507,-0.12202387044033362,-0.12470936397634373,0.08896195219821272,0.01151807919166735,-0.18844955020849452,-1.048020076503597,-1.0203009050270746,-1.0480200765035976,0.7190067334474742
184,Track_3967,0.04680898545668019,0.18283847652772656,-0.8046437613611406,0.5135910387582393,0.49520092253311543,0.11874723071115016,0.011024891777739028,0.05985435788693335,0.011024891777739965,-1.3332211885784844
185,Track_3988,-0.9817913551584337,-1.1952838050254446,-0.8046437613611406,-1.3825805977016081,-0.6357211413719861,-0.43134268621158994,1.0299642844791412,0.4248653150119595,1.0299642844791406,0.06851856402814037
186,Track_4003,-0.18722748082975066,-0.41956490829964754,-0.311921287852641,0.026823986628179152,-0.4639986305984722,-0.025167944731870368,-0.06505191696085298,-0.09613954212640886,-0.06505191696085531,0.4639713110999545
187,Track_4063,-0.9795918187309034,-1.652389275285111,0.2595869801837927,-1.1737349687712695,-1.1710970663561975,-0.47579186540354296,0.5509614914589377,0.08184344531300997,0.550961491458937,0.35306898669999576
188,Track_4100,0.27434664339120995,-0.17846009686475034,-0.5879637439090682,0.23241919016338322,-0.2961180516358381,0.12454856461783016,-0.9235428301843511,-0.8763361499980294,-0.9235428301843519,-0.11606158469812265
189,Track_4115,-0.3422772697537395,-1.104309215000129,0.6681131680265731,-0.16463052183346957,-0.8790371072000546,-0.1906400266786351,-0.4034019601114748,-0.4548563126826141,-0.4034019601114755,-0.09402544829203198
190,Track_4131,-0.6978478697479473,-1.0321843781574305,-0.590495957445663,-1.2807128149429068,-0.12477792717756472,-0.37515386489623437,0.7384689066437623,0.37762626649840675,0.73846890664376,-1.6159148684441156
191,Track_4176,0.02122870839771173,0.28873332621857106,0.23585169579684082,0.2767541703221912,-0.3711879038009623,-0.16762425318735982,-0.03276956500775451,0.006316055949308001,-0.032769565007755214,0.9562467849043386
192,Track_4196,1.0172021066248247,0.6230036366425877,4.808088567253524,0.5627789031312586,0.6929188243476742,-0.3520176686002801,-0.4125894566431357,-0.14771868994265716,-0.4125894566431364,1.2913114267042827
193,Track_4219,0.8407677383143027,0.5535969324801615,-0.31382600884590145,0.6611136303730041,0.7122729340574153,0.2815274981892709,1.00283923820282,1.5884499920320905,1.002839238202821,-0.9103424998271521
194,Track_4248,-0.030958062154596674,0.5970615509888986,0.6956055830306198,-0.34620918254784844,0.6096400031168764,-0.1430594162458823,-0.202189073610925,-0.1808275417078431,-0.20218907361092744,0.3688585727648324
195,Track_4253,-0.7556995764494022,-1.5826890686531248,-0.10622574953671027,-0.880475821121768,-0.9899730995156925,-0.4774683512249595,0.5656905342961596,0.20893027610001455,0.5656905342961589,1.0983834830233326
196,Track_4272,1.88035533188325,0.1446937959041948,0.9481226957057868,1.4827389865327214,1.3852809562941821,-0.5766498154346058,-1.0883565414482055,-1.0028737867620192,-1.0883565414482061,1.0319233980991847
197,Track_4302,-0.9082605442263592,-1.4024137895711448,-0.09050970567282483,-1.046684053754989,-1.0581284993511089,-0.5755134511653205,1.5275491674398438,0.8414727729710536,1.5275491674398431,0.32984161744827806
198,Track_4309,-1.0948874263502972,-1.0425105549073468,-0.2529913786894635,-1.4312107302997719,-0.7891977546773059,-0.6574112128185674,1.0196048153208577,0.343449668084753,1.019604815320855,0.32230970560362077
199,Track_4337,-0.5512247539238863,0.28617644246205937,-0.6508098684950707,-0.4310424663913669,-0.4075008970546942,-0.6331259074439464,0.0175987093117636,-0.14801224453274145,0.017598709311762897,0.7860623564888789
200,Track_4342,0.3375415687032583,0.7314933090594664,-0.5014208144716005,0.2864691434964152,-0.01584426072400474,-0.06390084199918508,0.29966733247069083,0.4832078992275698,0.29966733247069016,0.6664328919913693
201,Track_4343,-0.9477094458600238,-0.22436069873619907,-0.24627664195369237,-1.4863297107389148,-0.2120678312645091,-0.621680452109953,1.5300899202183156,0.8116170937295828,1.5300899202183136,0.29193688647523913
202,Track_4344,0.7168759393469514,-0.5464015437808963,0.3296477274506815,0.6590456236445366,0.15869138840518396,0.08936465025240202,-0.6986083651523852,-0.5660732776764437,-0.698608365152386,0.2937916593335957
203,Track_4345,1.2808896847501894,0.19904278576391896,-0.10834699782593085,1.0413845938091375,1.2206449360369955,0.3302890359270708,-0.02509916407288837,0.4502284003249264,-0.02509916407288907,0.4716109284258661
204,Track_4375,0.23035146426294326,-0.36624061243307776,1.855310638298904,0.20762948659038566,-0.3321320196579015,-0.13550129639158523,0.5494574134841768,0.7045268970916364,0.549457413484176,0.7033417370017696
205,Track_4420,-0.2366340861756188,0.5604761688880368,-0.5091201679675251,-0.44329726195915203,0.14686872725210418,-0.36995356211480107,-0.8063567190670105,-0.8080500639343774,-0.8063567190670111,1.1013660908119989
206,Track_4423,-0.7686534702152759,-0.1234031273928059,0.4099491033999008,-1.1493691519358884,-0.2471678607584649,-0.5885183049283844,0.31589884452700107,0.007030416771331837,0.315898844527002,0.004070883799631527
207,Track_4436,-0.5155153912863759,-1.0573529164172693,-0.5459750478137836,-0.4359912068481309,-0.9227728235620669,-0.498083757809226,-0.8615707370189954,-0.8876633474675193,-0.8615707370189961,0.6276837534459256
208,Track_4476,0.57284418875455,0.8373617303243056,0.0019275842418651028,0.22233956257537776,1.2734324374169297,-0.46614163162433464,0.1315039103939013,0.3893369516050941,0.1315039103939006,0.6465989190741005
209,Track_4493,1.06240617210776,0.001735097249739428,1.2254265602005898,0.7890495137205956,1.2128459664990936,-0.45360627861339564,-0.15589683482567912,0.20182012839816832,-0.15589683482567984,1.4392978434280679
210,Track_4494,1.4015466235359266,0.07082076540610237,2.3854039598303687,1.2016713878892664,0.7123252881006912,-0.33847659059192253,-0.20544868429140703,0.23576853766808442,-0.20544868429140775,0.8713706310497078
211,Track_4586,1.5864540047770086,0.1847473397120263,3.1784548249409608,1.3215150457862852,1.2516626181389654,-0.20530997408401022,-0.44658596774905807,-0.06577612507588501,-0.4465859677490588,0.3898062646536007
212,Track_4636,-0.3953362456148168,-1.3831119269562484,0.5203627404144292,-0.25907736759784233,-1.0308329349992136,-0.5975425765673665,-0.1423738344756509,-0.23465984352451622,-0.1423738344756516,0.21459954521877903
213,Track_4689,0.13956455298474363,-0.6246549811495736,1.5796104058847353,0.21299519697667824,-0.018996207878468983,-0.5643830167999183,-0.5453564834011351,-0.49063683676918435,-0.5453564834011358,1.0312347316725692
214,Track_4716,0.08794562494706501,-0.8448572291378701,-0.1716575994007279,-0.21654491150759897,-0.16286844061225036,-0.5068316284646879,-0.05615202875352432,0.005094334615172023,-0.05615202875352502,-1.3342149695319292
215,Track_4753,1.1025617526135594,0.5163005899065756,0.5044445340052199,0.9229215131532474,0.9398495010798389,-0.21038832670955954,0.164949532500911,0.6417577489493719,0.1649495325009103,0.46906933125479605
216,Track_4815,0.4686635763985443,-0.3555743474601756,0.9761844910724067,0.5608284381000026,0.20774718436897147,-0.6157589287301733,-0.773924100983359,-0.6890552651222901,-0.7739241009833597,0.495116112911099
217,Track_4862,0.5559892635263403,-0.21685203517877316,2.7848001041145505,0.3582368044551885,0.49968728511963134,-0.5269426025405289,0.0006270017861677047,0.22938621572802614,0.000627001786167003,1.041764280504187
218,Track_4883,2.8867235515243452,0.47403533512993234,2.1597026973825835,2.197082201316726,3.344453925500116,-0.5295185107164686,-0.9291692058996115,-0.6739028062519654,-0.9291692058996123,0.6065831264355009
219,Track_4907,0.5088316479867608,-0.042560415253624286,0.27449645690267127,1.189754470692548,0.5260639226384847,-0.5772759567365953,1.6344124923425427,2.104165201461032,1.634412492342542,-0.923517616794369
220,Track_5126,1.6658317459662064,0.34703560815131484,2.303481125994682,1.2619865048428955,1.6543909529629444,-0.5856009455154204,0.5387032968041685,1.4284470351245624,0.5387032968041678,0.21130064425266004
221,Track_5140,2.393510378483908,0.8972220878979402,2.491048233541407,1.5653962889159643,3.327824623777214,-0.6193170459279342,-0.48510243956684024,0.04743703236624602,-0.4851024395668409,1.012953188791037
222,Track_5157,1.597811387686116,-0.31365494393607235,3.0439797269783004,1.353700974679041,1.2400480376954641,-0.6470597239691842,-0.7033645601125923,-0.4429276278894382,-0.7033645601125947,0.7259734436980222
223,Track_5178,2.477891970529217,0.7413610563550752,2.646407678978367,2.5781058811925353,2.3432555000579733,-0.49381630502936913,-0.7164379337623319,-0.3368298023807012,-0.7164379337623342,0.9163846417336475
