,TRACK_MIN_SPEED,TRACK_MEDIAN_SPEED,TRACK_STD_SPEED,TOTAL_DISTANCE_TRAVELED,CONFINEMENT_RATIO,MEAN_STRAIGHT_LINE_SPEED,LINEARITY_OF_FORWARD_PROGRESSION,MEAN_DIRECTIONAL_CHANGE_RATE,Label,cluster
0,-0.6257204576166823,-0.8088983146581301,-0.3408112638858575,2.2710749722421135,-0.3254295905855369,-0.41440257829444277,-0.32542959058553705,-0.9495208809463002,0,cluster_0
1,0.143268960247844,-0.047823222067637124,0.349504539045399,1.3396305613956159,-0.19779163733924426,-0.15266772669285672,-0.1977916373392445,-0.7384336081560724,0,cluster_0
2,-1.0903962544732246,0.362938175464964,0.3215389963330749,2.23690653928955,-0.6979179057170113,-0.5377598258090794,-0.6979179057170111,0.2627515861589546,0,cluster_0
3,-1.0903962544732246,0.12630338140895347,-0.09898476351156742,3.0993309041295514,0.5018629409486266,0.39409288813147547,0.501862940948625,-0.12759250600613362,0,cluster_0
4,-0.5336215168506022,-1.173467274395919,-0.8024624470665954,1.8452322115777635,-0.882262459647674,-0.8139117291887505,-0.8822624596476739,-0.13620762185360596,0,cluster_0
5,-0.4055932578420947,0.20938404064657232,0.3393005816324109,1.1755024409118617,-0.20607311427904867,-0.17825783293085523,-0.2060731142790487,-1.8345752458830134,0,cluster_0
6,-0.8798408749801137,0.1160672060756758,0.04444999713562299,1.8471936274033862,-0.37481247006557517,-0.34770071947630243,-0.3748124700655751,0.10103802862596681,0,cluster_0
7,0.14315008538565174,-0.07962212323098532,-0.9318865035843469,2.1704453083355655,-0.7805839452401578,-0.6674669625111758,-0.7805839452401577,0.3285014794933968,0,cluster_0
8,-0.8693570808923018,-0.028543165167275102,-0.8374287230567482,0.2763505279982314,-0.6203766458468872,-0.5457955616936903,-0.620376645846887,-0.09850626598866688,0,cluster_0
9,1.2117027482180924,-0.0670474744278131,-0.9477365181577531,-0.9193518665221834,-0.7733593529876628,-0.6780896163736841,-0.7733593529876636,0.9373061552036013,0,cluster_0
10,0.3624800840886753,-0.4653119125635224,-0.6967043627576844,-0.05769567832139654,-0.26566720803548666,-0.3405624109063031,-0.265667208035486,-0.47512111680464214,0,cluster_0
11,-0.5320123037986155,-0.2670295481737016,-0.7313256422465076,2.4800997204699504,-0.22439991900621556,-0.29728418548640173,-0.2243999190062158,0.15262903486917107,0,cluster_0
12,-0.5658905094715516,-0.47196434204193083,-0.7241536757869863,1.954087551482614,-0.015393072153849118,-0.22737289632083219,-0.015393072153846794,0.0943353570061586,0,cluster_0
13,-1.0903962544732246,-0.36256426618030324,-0.5384506907894338,2.189046363304981,-0.4354410635896883,-0.462260735672392,-0.4354410635896887,0.5908717700230572,0,cluster_0
14,-0.11751729178025783,0.35881211018807363,-1.2389851444211055,-1.190144601968625,0.08268134872952783,0.048236024260530946,0.08268134872952877,-0.006479643075959443,0,cluster_0
15,-0.578097859396003,-0.6272330904242291,-0.8667918571642375,1.4686319532835705,-0.6688571309272201,-0.6360171482294764,-0.66885713092722,-0.29149938479089615,0,cluster_0
16,-0.9394442368022201,-0.1050288563255393,-0.2632366606685099,0.511151458929264,-1.1975708598952808,-0.9822374011829101,-1.197570859895281,0.3906933359823926,0,cluster_0
17,0.0795207726669197,-0.4051569113243347,-0.6669897785783311,2.0062117276918086,0.11566361308161585,-0.07052207474355245,0.11566361308161563,0.5349610178350053,0,cluster_0
18,-0.9051560374240522,-1.2932628862030058,0.08474802126407839,1.6322403668850602,-0.7983825243191515,-0.7417528041594929,-0.7983825243191515,-0.38394585559788313,0,cluster_0
19,-0.670600858915629,-0.47962119136648274,-0.10019280920376242,2.0155758722671315,0.4597646534101792,0.1850757937595073,0.4597646534101778,-0.15565181565773786,0,cluster_0
20,0.055689044528135286,1.1581881761604635,0.3217583568915726,1.505603946746467,0.462128707534436,0.4846018444775353,0.46212870753443674,-1.819329846345931,0,cluster_0
21,-0.2588478242768034,-0.49526851765470487,-0.2658415655208763,1.8689747345468601,-1.0581403230187396,-0.8933890882579498,-1.0581403230187394,-0.2007774047554654,0,cluster_0
22,-0.14928212154159612,-0.6998637559962492,-0.08838547875438205,-0.7329443587036164,-1.012454415134856,-0.854023443044519,-1.0124544151348567,-0.11264358728804116,0,cluster_0
23,-0.9796839291122934,-0.5109198127198606,-0.3795167037950867,1.8483811394205283,-0.7297203078594297,-0.6550189333896788,-0.7297203078594295,-0.3886966143639102,0,cluster_0
24,-0.0149051164923819,0.1989142886476347,-0.7900440480122588,1.999180446906033,0.3615430247131277,0.2273227081210487,0.3615430247131299,-0.3432548045176169,0,cluster_0
25,-0.6594266500607278,-0.0030794355326132423,-0.04703383739046326,1.3144654499182176,0.5698098955709373,0.3742240094482602,0.5698098955709385,0.4910810515924598,0,cluster_0
26,-0.5715355325529274,-0.2566713800341579,-0.6075034469380061,-0.4833729619714711,-0.736237704386274,-0.627302029978015,-0.7362377043862747,0.9956436445882614,0,cluster_0
27,-1.090396254470393,0.13127310951579185,0.7276170020262394,2.3545727204716065,-0.9235782571698619,-0.7419265078427092,-0.9235782571698617,-0.18914137181637655,0,cluster_0
28,-0.5078747246926555,0.20831730749725932,-0.4186002429627734,-0.5469444476775172,-0.12995827887749617,-0.07640632241774237,-0.12995827887749595,0.05893562009330139,0,cluster_0
29,-0.5147519276014365,-0.07606135710448443,-0.43757555499121575,0.6125708257921545,-0.9922853888017397,-0.8328157798492871,-0.9922853888017398,-0.0683386266192608,0,cluster_0
30,-0.3501315190567597,-0.487604745193972,0.08141523080673052,1.7779798360027521,-0.17238367204840632,-0.22327182945932472,-0.17238367204840632,-1.6714911516279947,0,cluster_0
31,0.16727586196546693,1.7253638252817893,1.3680651929880938,3.005143984744737,-0.1598091101922237,0.24290740055094748,-0.1598091101922228,-1.1221617752964939,0,cluster_0
32,-0.2432428958203535,-0.1185751883546559,-0.43782224751916643,-0.4113462686214257,-0.9249593255339666,-0.7768958130674952,-0.9249593255339665,1.341824171924427,0,cluster_0
33,-1.0903962544630939,-0.9246286034824447,-1.3765664357427323,0.8578715158328359,-0.3033491981869461,-0.4658023079007124,-0.3033491981869466,0.8290770939404598,0,cluster_0
34,0.7860161866575152,0.16367210737622284,-0.6429595008552413,-0.8779757065233393,-0.34169433391666837,-0.3213428779324798,-0.34169433391666815,0.6832309478667621,0,cluster_0
35,-0.5334969134099674,-0.9670642582148744,-0.4448275989004439,0.9428606577703215,-0.3224630889943873,-0.44578200894280234,-0.3224630889943876,0.40348999970507354,0,cluster_0
36,-1.0903962544402996,-0.04419946201388706,-0.48131187438856327,1.3761572723284137,0.25571580810066774,0.05038399005024356,0.2557158081006673,-0.46563445635875117,0,cluster_0
37,-0.35099331297432407,-0.20909502749289402,-0.667692455644954,1.477310675644226,-0.418917367561981,-0.40706512283345725,-0.41891736756198067,0.58231178650631,0,cluster_0
38,-0.14897877767641457,0.41432855861456275,-0.3010315688293683,0.4741451130574267,0.2628180663880949,0.3375754878684228,0.262818066388094,1.2569131194001009,0,cluster_0
39,0.2614808678820694,0.26588722859820624,0.16680759101570386,1.0927057925708628,-0.5239988710487298,-0.40082197395462976,-0.5239988710487298,0.8769707400889306,0,cluster_0
40,-0.21914071164011825,-0.23819058492355313,-0.6138311650127322,1.3260225299879755,0.27857986470963386,0.08337657272801452,0.2785798647096348,-0.011682003501701543,0,cluster_0
41,0.005612076528522064,0.794786939178234,1.161703046604895,1.9862051869771777,0.7816239092369722,0.9090416397732273,0.7816239092369732,-0.975533395463659,0,cluster_0
42,-0.4869941153815792,-0.8603729440447807,-0.03633290223972824,1.0628615334495874,0.05285139754240174,-0.12919724343091313,0.052851397542401285,1.4088019512249865,0,cluster_0
43,-0.4748112769621242,0.4777895257411574,-0.08046134240852883,1.4097687812302342,0.1735692531467159,0.09793784972773154,0.17356925314671567,-0.33588163144593874,0,cluster_0
44,-0.4592470571002553,-0.5626364231066068,-1.5563117186579591,0.6639151703026958,-0.6161880810051431,-0.6267040344930617,-0.6161880810051434,0.32789449448271757,0,cluster_0
45,-0.22989848461003426,-0.23750373515601322,0.0615468636958146,1.111335628299998,-0.06209737070186279,-0.14475304530261418,-0.062097370701861866,0.14691345827405874,0,cluster_0
46,-0.7155937966856488,-0.19840234636717152,-0.3633502810694511,1.1217237883601792,-0.5325463304595492,-0.4918717494159739,-0.5325463304595492,-0.3777476458248087,0,cluster_0
47,-0.2895513125448126,0.41717628687238456,-0.3552243794386761,1.1568591255125014,-0.5048902182414681,-0.3749189652896052,-0.5048902182414678,0.38996799588853703,0,cluster_0
48,-0.12468613574448859,-0.5475388881342991,-0.26144736094578563,-0.9177899731306733,-0.07007189855098461,-0.19110206636360744,-0.07007189855098463,-0.3882484578456635,0,cluster_0
49,0.30805955250015554,0.36053038754273287,-0.6017085872865797,1.3599043845296361,0.4144397538479741,0.30234911525433955,0.41443975384797416,-0.859137264682148,0,cluster_0
50,-0.11121633440764574,0.5872105043856227,-0.06580136510181915,1.7330545228715108,-0.6183810111149983,-0.4511485445127108,-0.6183810111149985,0.3595442375191261,0,cluster_0
51,-0.409557625284673,-0.4648503620689469,0.062319069147120085,0.9774349367420463,0.08827390582208834,-0.04329225920752611,0.08827390582208951,-0.3745371896637492,0,cluster_0
52,-0.16833304552456618,-0.21748299423087164,-1.443340640448538,0.005211213858429653,-0.3171706800816315,-0.3902269792215003,-0.31717068008163146,0.45658806310204914,0,cluster_0
53,-0.6367580222200621,0.13316020210714508,-0.6290142484473544,0.8069819762757673,-0.9040126232838722,-0.7767325254164597,-0.904012623283872,-0.9589318083186422,0,cluster_0
54,-0.27547946177852106,-0.800407934367917,-0.42805269981276545,0.49690909686889223,-0.46186052149441414,-0.5244655417676097,-0.4618605214944141,0.45311530117382304,0,cluster_0
55,0.2537677614702171,0.17730468898329027,-1.1797877388724727,1.0978382494943335,-0.23497541313257714,-0.23306153291478268,-0.23497541313257647,0.46948526001936614,0,cluster_0
56,-0.309413028244387,-1.1508090526559078,-0.10695825792839284,-0.9663553783758829,-1.1892960675166278,-1.00078280338677,-1.189296067516628,0.6481469479150898,0,cluster_0
57,-0.2190612073522712,-0.32443072849962556,-0.07441068505655353,-0.4521767569344915,-1.24684622609599,-1.0222743385398623,-1.2468462260959903,0.33490377379962094,0,cluster_0
58,-0.8747512130623951,-0.33733098996218835,-1.073714583225374,0.7098330391342922,0.03636498728237069,-0.12384256330857361,0.03636498728236976,0.1872134513161589,0,cluster_0
59,-0.7537364405418343,-0.3303669114653639,-0.4988566331738013,0.3594257718294825,-0.33592392536038207,-0.37210875456388154,-0.3359239253603818,0.0030986933873090212,0,cluster_0
60,0.5069586850399352,-0.6800752060411216,-0.48181069277982613,-0.6295664193728688,-0.9056003079017593,-0.7962207679172513,-0.905600307901759,-0.12378546362239608,0,cluster_0
61,0.27087834841891534,-0.046437921027516274,-0.3091988110553418,1.053582208834099,-0.5022171567002798,-0.42577157360578016,-0.5022171567002799,1.1080122683262523,0,cluster_0
62,-0.12191582089173805,0.17424579608355023,-0.6586031489424737,0.43115073264093934,-0.292731656415519,-0.25192479787427835,-0.29273165641551924,1.206965464534998,0,cluster_0
63,-1.0903962544732246,0.6683332879680245,-0.3861451046924645,0.20436248889939154,-0.4003115098597857,-0.26980130856819656,-0.40031150985978586,0.9439942654599743,0,cluster_0
64,-0.6948469655312703,-0.3274918945734915,-0.5714076229265687,0.4937878754297708,-0.21503816181455299,-0.2918889292393903,-0.21503816181455207,0.6084586069490511,0,cluster_0
65,0.19066404834455142,0.009198070679245406,-0.5723258077024455,-0.6070594026434093,-0.6618581805615108,-0.572450666714046,-0.6618581805615111,0.32005517451926363,0,cluster_0
66,-0.3030841887682265,-0.3724437569473541,-0.795186230511051,0.4373762707481428,-0.10225754497131717,-0.19422701623599925,-0.10225754497131649,0.823434022713702,0,cluster_0
67,-0.017193860812404673,0.5468969226983759,0.05131591458834929,1.1226351733039328,-1.087770293968364,-0.8671975157460823,-1.087770293968364,0.4863595318850012,0,cluster_0
68,-0.896862640599633,-0.18346528504927995,0.5805863493697678,-0.5760199195155198,-0.17768876537246125,-0.20294312928276034,-0.17768876537246175,0.7503849573260122,0,cluster_0
69,0.8213542563052842,0.08907433821751716,-0.20200611955974182,0.6152987228416851,-0.46071490738452403,-0.3930720604967785,-0.460714907384524,0.12617576925471366,0,cluster_0
70,-0.4294901506461813,0.16171672014771546,-0.9548219472545241,-0.9309313000189933,-0.1334144316270752,-0.15204103823563436,-0.13341443162707545,-0.26514773241920103,0,cluster_0
71,-0.045190527215445975,-0.11654089646721355,-0.9619249262057439,0.3388832705144073,-0.11071930975116147,-0.19433334809916417,-0.11071930975116241,0.9235341602108174,0,cluster_0
72,-0.3639383303200252,-1.1496066365078024,-0.26671913952107873,-0.027817324576527934,-0.31509105682088934,-0.42323261620886865,-0.3150910568208891,0.7741138335674933,0,cluster_0
73,0.5145487733170089,-0.40823458189859463,-0.18216168322056975,-0.6661556331988605,-0.21667818902751512,-0.2275062101002114,-0.21667818902751537,0.16984104868437627,0,cluster_0
74,0.21469496637106197,0.13409553614919742,-0.38177912661632657,0.14146504530569368,-0.5509027821033444,-0.4344879828806647,-0.5509027821033448,0.8978563561039579,0,cluster_0
75,-0.46162319907543237,-0.7470728391507927,-0.30638900806321906,-1.1441160938648742,-1.0666762578000104,-0.9058321169362891,-1.0666762578000104,0.6274873829647898,0,cluster_0
76,0.05329659527751124,-0.679155081133142,-0.7723251471027266,-0.2599159355675651,-0.07712842337023418,-0.2738999136661563,-0.07712842337023372,-0.5646293905189872,0,cluster_0
77,-0.24211980704717834,-0.5004449242107597,-0.5677785351657867,-0.14302983988838341,0.1413029587932614,-0.03915626201468762,0.14130295879326096,0.57863113307109,0,cluster_0
78,-0.15887357947818487,-0.9104348230690807,-0.972566405325646,-0.37684135942472025,-1.0737100807855524,-0.921405208196131,-1.0737100807855526,0.32090456001008316,0,cluster_0
79,-0.11314490973246487,-0.45608381557092925,-1.3547542412930011,-0.38108146767021556,-0.41878302314347343,-0.49448479336743195,-0.4187830231434734,0.8089935298318007,0,cluster_0
80,-0.6094508147669364,0.000789482736520304,-0.9283536263731157,-0.2401656255611805,-0.8425043362281205,-0.7359122104135584,-0.8425043362281204,0.9784303877324777,0,cluster_0
81,-0.8154292440155695,-0.33972818751586104,-0.9195544076288223,-0.24564562037787174,-0.13640335943917692,-0.22798467630618777,-0.13640335943917764,0.8585658081448939,0,cluster_0
82,0.3396378680186289,0.20573274284011822,-0.3620472298774742,0.0338675934109423,-0.36495733498014027,-0.30754739122704683,-0.3649573349801404,-0.5346186895414027,0,cluster_0
83,0.06664418479625928,-0.16469403140011366,-1.2666980764355973,-0.4064368967236347,-0.8450647446525764,-0.7517961062789361,-0.8450647446525762,1.2020235226062523,0,cluster_0
84,-0.8691023678694364,-0.24275640814833455,-0.3415297744360475,-0.17176148333646998,-0.43290199176759825,-0.4026579989885069,-0.43290199176759814,0.8450083383662599,0,cluster_0
85,-0.38603972485782273,0.11135237644636015,-0.23598726014273616,-0.5455845170431087,-1.2015828484305195,-0.9817573014228095,-1.2015828484305195,1.014493477560557,0,cluster_0
86,-0.5799759950499324,0.037063235467287944,-0.761539444813837,-0.31045090526068125,-0.2238883812293414,-0.2762708628957272,-0.22388838122934165,0.7077720114956446,0,cluster_0
87,-0.8659334449484155,0.2828628994880482,-0.5759939040975082,-0.09485170482354124,-1.077773431169865,-0.8718574653378192,-1.0777734311698652,0.010188363987104994,0,cluster_0
88,0.4352596966603941,-0.19183049865659724,-1.2202496722563025,-0.548738911822883,-0.5604231529349929,-0.5501081245026477,-0.5604231529349936,0.036690392617746814,0,cluster_0
89,-0.012527901139088754,0.33586765368473875,-0.6589628597536179,-0.5155950562540169,-0.19177922633314606,-0.1980582932133845,-0.1917792263331454,1.2998131234449313,0,cluster_0
90,0.4637395942762142,-0.4089171477101176,0.4250710735534775,-0.48022047247260663,-0.36028978752397367,-0.34092000059952177,-0.36028978752397395,0.5933835148896905,0,cluster_0
91,-0.9310368996102653,-0.5103397116024893,-0.6990968288519244,-1.1859405304826864,-0.14168118129822702,-0.3158694541661488,-0.14168118129822727,1.0951387417275515,0,cluster_0
92,-0.7762820349362431,0.3474824049101303,-0.2662287579162654,-0.3662281987450063,0.1388741241369199,0.16599147296707065,0.13887412413691924,0.9512649049189615,0,cluster_0
93,-0.7842579366254822,-0.5249909514242838,-0.08639455957033028,-0.8069592980415755,-0.9612160316651422,-0.8197292228123025,-0.9612160316651425,1.474342629395944,0,cluster_0
94,-0.8224365835180997,-0.5162561859203856,-1.2685874084682536,-0.9914731359847758,-1.0161338225819043,-0.8805044230251243,-1.0161338225819043,0.904662780108174,0,cluster_0
95,0.2822023151801249,-0.3047465713933243,-1.388017969944547,-1.13469876884128,-0.3007954612946499,-0.3820145111589726,-0.30079546129464996,0.4078620110642287,0,cluster_0
96,1.2678463782288762,1.558666223877036,2.2174487808716647,-1.0402577115485903,4.600075326429173,5.377430206148548,4.600075326429172,-2.055076785604831,1,cluster_1
97,0.7646143359383966,0.3157537845526268,1.788962777542855,-0.3471998215143724,0.42536732234933844,0.5570517708063518,0.4253673223493387,-0.8358522427646725,1,cluster_1
98,1.0239102433100262,0.16646694097348508,0.15641595889012705,-0.7909244688762901,0.4083389798099897,0.429361980717766,0.40833897980998995,-0.611121622052212,1,cluster_1
99,-0.36568655673107264,1.2060193401231813,1.4269842094215475,-0.661000100533256,0.49525176966985873,0.8543269013838479,0.4952517696698581,-0.3084481723481806,1,cluster_1
100,0.18316637305602235,0.6322315838707115,-0.1845862306236902,-0.5693799682150312,0.09115158178521153,0.07576447985358606,0.09115158178521131,-1.8944147030181333,1,cluster_1
101,-0.7732325257379182,0.46459070090618343,0.5561068162795604,-0.34101847752151876,0.20239033668720133,0.26399306267640726,0.2023903366872002,-0.6879848851122188,1,cluster_1
102,-0.45134505417307014,0.033583009295480595,-0.021727650711971323,-0.2947699945036055,0.12117685375889516,0.07441335349401973,0.12117685375889634,-1.9398002162960926,1,cluster_1
103,0.08363491949642507,0.47094660270660793,-0.5923999757736146,-1.1680053243889505,0.39711222732470586,0.2877156265789487,0.39711222732470663,-0.5042315859280774,1,cluster_1
104,-0.1730364039717137,0.3996940886558016,0.29170628289516676,-1.1263807244298933,0.45643358220922814,0.38562250128259895,0.4564335822092298,-0.15014991282298806,1,cluster_1
105,-0.3814803088641336,1.6419105154274096,0.7982517841847607,-0.5780387414830412,0.6394918266269064,1.027183644935528,0.6394918266269051,-1.969258358668185,1,cluster_1
106,-0.3625284799061653,1.0600555723352671,1.779229587706698,-1.1866056052971343,0.3817115366465298,0.6531626922136162,0.38171153664652935,-2.582123905821842,1,cluster_1
107,0.09313518726471924,0.8796114029502293,2.2599426107115983,-0.12095000472790539,-0.17005758469404159,0.2434822687896468,-0.1700575846940423,-1.095471523350393,1,cluster_1
108,0.04742673757480855,0.2751597715667529,0.4045755771252671,-1.075469852443405,0.36339199157903246,0.3781880521754701,0.36339199157903185,-1.1762374905381279,1,cluster_1
109,1.983980188626867,0.22522278291750203,0.42495920702404,-1.1576284653364133,0.8097627647477851,0.7413455833278211,0.8097627647477847,-0.016325502166572494,1,cluster_1
110,0.4916992612039992,0.28262301999470263,-0.11325387899467416,-0.06568093195070142,0.19168443117915515,0.22230461469886376,0.19168443117915565,-0.5422029530151169,1,cluster_1
111,2.338435075289099,0.9176632057674887,0.47416031415469106,-0.7263518999284885,1.0137301249264883,1.1480206223734621,1.0137301249264878,0.349386713664279,1,cluster_1
112,-0.39882614732089944,0.6644070890122517,0.43502086724960143,-0.7033418107892342,0.5477609531466384,0.7003030710660346,0.5477609531466381,-0.47727336491832256,1,cluster_1
113,1.0782546709465635,1.280403764325885,2.478382235894464,-1.1013609105580398,1.2434907273954967,1.7019660883069765,1.2434907273954983,-2.112320852650474,1,cluster_1
114,0.3797637361147926,1.5764363842289442,0.927195129422041,-1.1840402837186315,5.576934428603424,6.213732660504284,5.576934428603427,-2.5852892900462336,1,cluster_1
115,0.9401053256994987,0.10469648710548878,0.1338027808666422,-1.0871111341190012,1.2586934924159208,1.0486228357860254,1.2586934924159197,0.2561995828127933,1,cluster_1
116,0.5805045079982535,1.2116812415250722,0.2012598061547167,-0.08066598958379902,1.3842779911677725,1.4144262780210697,1.3842779911677736,-2.133481863957729,1,cluster_1
117,-0.6648356432478166,1.4078986404289302,1.1190903480564234,-0.9930973445449686,3.2498177248352498,3.2062944289786373,3.2498177248352476,-2.1751855285739476,1,cluster_1
118,0.020395002296351248,-0.8737550243513434,0.003361442441581232,0.6067773430808949,2.0050546995620997,1.340539494387298,2.0050546995621006,-1.357183466160476,1,cluster_1
119,-0.6891442694988741,1.381287358917465,0.3190901738821391,-0.49713591663207174,0.9373527828823238,1.2289057350351937,0.9373527828823235,-2.2343312864597187,1,cluster_1
120,0.7362554543125154,0.670910404054213,0.538442561761389,0.02756309432404884,0.12895859416778152,0.23970845722370504,0.12895859416778246,0.0049431537802080055,1,cluster_1
121,-0.842970275341278,0.538657572723444,0.5759381658650792,0.12222860229192441,0.06105367728780889,0.09273310675126964,0.06105367728780936,-1.45677651586874,1,cluster_1
122,0.4832864738935765,2.0230977926903853,0.5780421554092583,-1.1121039384705262,6.3247964766068785,6.9698899291838705,6.32479647660688,-3.813872370162973,1,cluster_1
123,1.369068120946928,0.6503060685978939,0.6502107115942689,-0.7213832391932692,0.33898109241914604,0.4546777417994247,0.33898109241914565,-0.20629921335141824,1,cluster_1
124,2.2800967952427573,1.1359838423918627,0.34773499924380147,-1.1851370363556444,3.901131437888102,4.114615195669942,3.901131437888101,-3.247289101971796,1,cluster_1
125,-0.8512786636539766,0.5091822623880119,1.0807899552096338,-1.1981683221027897,0.6844298989453235,0.740889512887925,0.6844298989453217,-1.7469076972132986,1,cluster_1
126,0.5093202596449201,0.6125084882319126,0.1209111918570716,-0.8747436596620479,-0.08043978928888774,-0.007130620155540707,-0.08043978928888705,-0.44776924955965236,1,cluster_1
127,1.0149082700370107,2.0471531494952564,1.7173047065619644,0.0569732139955714,1.224256787512324,1.8754791662200179,1.2242567875123238,-1.5693045115773758,1,cluster_1
128,1.088678614244772,0.8949456627424132,0.31371502360268483,-0.33395727752611054,1.8489712103556293,1.7183329016678541,1.848971210355631,-1.5980660411835317,1,cluster_1
129,1.0322084527842492,1.025659157477538,0.05224290018426683,0.2212032267870646,0.6993952432571757,0.8310453141384989,0.6993952432571756,-0.3440894219138825,1,cluster_1
130,1.0820710612890547,1.1006115231584175,0.969817781019426,-0.9882300284631804,0.0552400632976052,0.2533491448558614,0.055240063297604745,-1.494437659623075,1,cluster_1
131,0.19283565404942293,0.018451427518433025,0.19441388122054126,-0.6205267587235402,1.8690883393834055,1.447588783539106,1.8690883393834044,-1.232766286842583,1,cluster_1
132,-0.047798273028930985,0.314468281628396,0.3886568198315335,0.2760267292245509,0.12825669797315045,0.12994887897591054,0.1282566979731507,-1.4306219186186058,1,cluster_1
133,-0.7710712454120597,1.5485320229368116,2.2385670130505106,-1.1319785665381508,1.6096185433416945,2.2380979163276,1.6096185433416936,-0.3059460030389961,1,cluster_1
134,-1.0903962544732246,0.6190183385660702,0.29859032624369153,-0.10320591343541617,-0.1482197298453077,-0.15718821632528363,-0.148219729845307,-1.4536435018015876,1,cluster_1
135,-0.5819491305080874,0.7953892014601157,0.5385033882639402,0.1312057467593375,0.8382734638321307,1.0097113459939306,0.8382734638321313,-0.9450632811110043,1,cluster_1
136,-0.43467426416378535,-0.2538968276386286,-0.42872331877795494,-1.0040705036834827,-0.2150362415394222,-0.19899093102696322,-0.21503624153942222,-1.4548386846047536,1,cluster_1
137,0.027504916622465594,1.4274065768846678,0.3327008355001164,-1.1055138309205608,1.4664582836658588,1.4033980991950343,1.466458283665859,-0.9609084964719317,1,cluster_1
138,-1.0903962544732246,-1.1828832534412754,-0.5897976854904614,-0.8862292820367301,1.390986270875515,0.5470453284531349,1.3909862708755114,-2.1899130782226175,2,cluster_2
139,-0.387766985742958,-1.445081080892054,-0.8912013407989585,-0.6146041667586923,0.3186138994299256,-0.1450221317295113,0.3186138994299256,-0.1585832148551849,2,cluster_2
140,-0.4872940968749166,-0.15871218561959471,-0.028060060201104006,0.5088933018904546,1.106215911757906,0.8160534865281491,1.1062159117579062,-0.1485734685863273,2,cluster_2
141,-0.9405036979003346,-1.4542321629481165,-0.8230950895472382,1.1292074655721616,0.0502436326714845,-0.26316795498128714,0.05024363267148381,-0.5235942394563636,2,cluster_2
142,-0.7297720824483375,-1.315810091614964,-0.5323632228034088,1.211000558963669,-0.032952520024456124,-0.2903354970447144,-0.03295252002445706,-0.5039206566182998,2,cluster_2
143,-0.6486888960286117,-0.29156416002487084,-0.664782020043934,1.0823967669346104,0.6277341257969055,0.32651730966465436,0.6277341257969047,0.246089401857613,2,cluster_2
144,-1.0903962544504304,-2.02257563025368,-0.9869256130298031,0.5820114569319254,0.4014718291530823,-0.18426423432983577,0.4014718291530826,0.08068700298565083,2,cluster_2
145,0.781241164203144,-0.9527293483870308,-1.0075295606797348,-0.599225088208965,0.8631960065692802,0.3090475003030038,0.863196006569278,-0.7950259584908573,2,cluster_2
146,-0.8390405039924008,-1.0607068322556277,-0.5448286229473787,1.2354128016096175,0.2707179193136173,-0.06588639770290328,0.2707179193136182,-0.12476964486421895,2,cluster_2
147,-1.0903962544732246,-1.1918929251608066,-0.41493064345631797,-0.2884996971180164,0.040345740323980674,-0.2770273113037048,0.040345740323980216,-0.052688635876325746,2,cluster_2
148,-1.0903962544732246,-1.5260838082074215,-1.2276416124098812,0.5967423685486493,0.30138998997947536,-0.20281656060211017,0.3013899899794754,-0.2619524982788444,2,cluster_2
149,-0.20311157807881175,-1.188620326837297,-0.30586796143151257,-0.8324209797842398,0.44791674447850294,0.052642405205202435,0.4479167444785044,0.7240284387416983,2,cluster_2
150,-0.8558002411206957,-1.3744122272076131,-0.968460380772214,0.8300965312285257,0.1229423485005866,-0.2256317458525248,0.12294234850058802,0.1212398164243012,2,cluster_2
151,-1.0903962544732246,-1.8855593217164948,-1.0887875749952383,0.24471349392297315,1.0407632156037732,0.10101953359309666,1.040763215603776,0.332085193320824,2,cluster_2
152,-0.8065458220063116,-1.2887515353664292,-0.26752200626552886,0.2750603432392649,-0.1389120750301714,-0.3495345758105352,-0.1389120750301721,-0.5194113198355181,2,cluster_2
153,-0.9504131785387728,-1.7019772572578054,-0.7194689955272169,0.4905239255910692,0.5888144637057015,0.006391375453062712,0.5888144637057031,0.023020945250165625,2,cluster_2
154,-1.0903962544630939,-0.16393933826017307,-0.05060640731273159,1.3398825496980997,1.2012523234692782,0.7650232796903923,1.2012523234692776,-1.102553659722844,2,cluster_2
155,-1.0903962544725916,-2.455678102090376,-0.297899160136504,-0.0914304787711842,-1.0059120359413878,-0.9377342739112636,-1.0059120359413884,-0.6626467564651649,2,cluster_2
156,-0.6070255671475794,-1.2901316598884789,-0.5203254070859209,0.6778669426469055,0.1755101549468214,-0.15539330065604193,0.17551015494682,-0.215496836348098,2,cluster_2
157,-1.0316819808891908,-1.8335577535660104,0.005861193502197071,0.4613781401582109,-0.5720373998742311,-0.6430506933173563,-0.572037399874231,0.23243037689830381,2,cluster_2
158,-0.3688556157162327,-0.6016922127814978,-0.7751623917120449,0.6799599761839685,0.22787665383616856,-0.02206944899196918,0.22787665383616929,-0.1256897025647932,2,cluster_2
159,-1.0165557371783456,-1.3954800586061773,-0.35166420383303776,0.5589256044501577,-0.69456675113224,-0.6951724289925785,-0.6945667511322394,-1.6357287242459895,2,cluster_2
160,-1.0903962544732246,-0.8404602184857235,-0.33032211730058636,0.7820507611406213,0.2009159570927963,-0.05560079978826104,0.2009159570927947,-0.06354043809627326,2,cluster_2
161,-0.5045257350476045,-1.6291061324379585,0.018331175945399087,0.36518208723572043,0.019840653191999826,-0.264330631856135,0.019840653191999364,-0.4054499008984264,2,cluster_2
162,-0.6791263623868703,-1.8706374870757019,-1.6024813438980712,-0.4411514225123006,0.15472806382454204,-0.37975009500462786,0.15472806382454324,1.2238035732029597,2,cluster_2
163,-1.0903962544732246,-1.7022181329474584,-1.0214095570673525,-0.22357489482692924,-0.2244841144996049,-0.501475903590358,-0.22448411449960537,0.4589225270975321,2,cluster_2
164,-1.0903962544732246,-2.103129347824378,-1.026155104789755,-0.491479784466016,-0.8996520862335483,-0.8804178528636103,-0.8996520862335484,-0.2799236621322448,2,cluster_2
165,-0.8782618569026733,-0.2826179956460384,-0.39733242989991235,0.6067202480661,0.6562076576379295,0.36913279992980375,0.6562076576379297,-0.8679907505267062,2,cluster_2
166,-0.6097352417037991,-1.2892473584131001,-1.5159632831818137,-0.5584511157877323,-0.37009386154473306,-0.565724234775162,-0.37009386154473356,0.15672456656975847,2,cluster_2
167,-0.2857282984615495,-0.6037240139633762,-0.5119015909817515,-0.03682987717729123,0.6683406874955825,0.2755501271450414,0.6683406874955818,0.7782540956148497,2,cluster_2
168,-0.3778458193361398,-1.5188808461900678,-0.7470931913742068,-0.6034304400986462,0.5846466952200005,-0.051357670707706714,0.5846466952200001,-0.18435387432948477,2,cluster_2
169,-0.8032105333006808,-0.4390404886551011,-1.166640460450113,-0.2022202992515375,1.2002250533138383,0.5743224745275879,1.200225053313837,0.44369228453219206,2,cluster_2
170,-1.0903962544732246,-1.608355601894871,-0.942930400097559,-0.7301467933450609,-1.093500764639941,-0.9620845275446241,-1.0935007646399413,-0.47564020756873676,2,cluster_2
171,-0.6502201813668012,-0.49496354496262285,-0.17613643899504164,-0.16321055434115941,0.5441182485824559,0.22559448161432683,0.5441182485824541,-0.7099839528990919,2,cluster_2
172,0.0703931520442807,-1.5489411471289434,-1.5292661433449337,-0.8256482626607772,0.025614733259211445,-0.3811253391925678,0.025614733259210983,0.8433909296521322,2,cluster_2
173,-1.0903962544732246,-1.5222804391991318,-0.5460834470681117,-0.5328624182830166,-1.1004124943172857,-0.9444260290160511,-1.1004124943172862,-1.2221762552700624,2,cluster_2
174,-0.5634257252030902,-1.3944953106307798,-1.4970528178277853,-0.8302424394439665,0.04552323481192134,-0.33076093545033886,0.04552323481192181,1.0468530136518073,2,cluster_2
175,-1.0903962544732246,-1.5164518697652989,-1.5086765506987392,-1.0010239205593632,-0.2518122503758725,-0.5223407601159904,-0.2518122503758723,0.7748389165996163,2,cluster_2
176,-1.0903962544732246,-1.6479525982715637,-0.9513311783873156,-0.8953626820657737,0.8652529823541463,0.12145390235975971,0.8652529823541464,0.23217593458682065,2,cluster_2
177,0.012059915868738317,-1.3982668831352594,-1.54304116712765,-0.9593717050886673,0.3888200725357691,-0.1404021834987303,0.3888200725357685,0.574393976331529,2,cluster_2
178,-0.8685566114564525,-1.5261644128174172,-0.3866247928193667,-0.8144479920177973,0.5753214974351015,0.08539255048649823,0.5753214974351011,-1.7936285091293962,2,cluster_2
179,-0.36689220919818594,-1.0476604549511543,-1.3428587245141517,-0.9617859278367905,0.4034700930367585,-0.04338661972942449,0.4034700930367581,1.4707555597049355,2,cluster_2
180,-0.35061167072590976,-1.2463709649059,-1.418185665803856,-1.1029757354654677,1.3601682879118846,0.4394837655179468,1.3601682879118848,0.546459296967618,2,cluster_2
181,-0.5189294198680156,-1.7060924286196333,-1.12095711951172,-1.2209125749411258,0.8549490924662911,0.05930281371137015,0.8549490924662907,0.537400951181763,2,cluster_2
182,-0.5119735007636369,-1.7719900110541793,-0.48309963554964797,-1.1694585070280508,1.362695409375507,0.4166925326625011,1.3626954093755062,0.5008727092386206,2,cluster_2
183,0.16782280079036185,-1.3691362930789475,-0.5218930087430101,-1.1217033700149044,0.15501855300544495,-0.19751296434292281,0.15501855300544637,0.15466714470101858,2,cluster_2
184,3.1212978093413772,0.7447297750443338,0.9264889221593683,-1.0389702935445349,-0.4454992605064506,-0.22508791044507745,-0.44549926050645045,-1.2148341195555485,3,cluster_3
185,0.08254746697465656,0.9476789835335654,1.6260877975251429,-0.7423030942636001,-0.7025344328569197,-0.4143340000311336,-0.7025344328569199,0.0361344733744181,3,cluster_3
186,-0.7238300498330005,0.6104177733841424,1.068554762504495,0.5496142314616933,-0.618494619506694,-0.38385524381600333,-0.6184946195066944,0.2672986117602724,3,cluster_3
187,0.4864946527111448,0.24289099935766909,0.6970388241922155,-0.0907707693393532,-0.8775455111555547,-0.6839518075369367,-0.8775455111555548,0.8386736238825637,3,cluster_3
188,0.6580729080012557,1.0762578180514977,3.490098828116755,-0.40924841880297963,-0.068625816761261,0.42614413863369066,-0.06862581676126125,-0.25270071065779537,3,cluster_3
189,0.9308739584966405,0.8560976770490635,1.1144012147631912,-0.43624324153466726,-0.8473912104704702,-0.5872257702101362,-0.8473912104704705,0.4935371293441999,3,cluster_3
190,3.6051746478974573,3.153064223492503,3.188760314646778,-1.2227821733779543,-0.3170514480386309,0.47170217016911414,-0.3170514480386313,1.559310319876512,3,cluster_3
191,1.3733943444080254,1.4928528536400583,0.48103866880207247,-0.8724802410909029,0.2944131988142144,0.6501990447037601,0.2944131988142147,0.862031996036393,3,cluster_3
192,0.686232722805966,0.5470347349354375,2.4183885210313263,-1.1927232098136593,-0.2036724669437338,0.011667119823481318,-0.2036724669437343,0.3568522699030163,3,cluster_3
193,0.36835204062496957,-0.14658530822260973,1.1175761414630951,-0.9939158191387502,-0.9666807476885845,-0.7677869848746576,-0.9666807476885847,-0.5738694124198823,3,cluster_3
194,0.5952954854357921,1.1516926602022601,0.3610869774928508,-1.0221321993560222,-0.5108436581233903,-0.2939704273263496,-0.51084365812339,1.5291455281217015,3,cluster_3
195,-0.22998955672830793,1.2072764973450736,2.0313434804037116,-0.4757020131920921,-0.9252196502451259,-0.6261908816505789,-0.925219650245126,0.6340454205237102,3,cluster_3
196,0.21437945257079125,0.37752492592814335,0.9863197097452018,-0.7055929243373137,-1.0728659361647281,-0.8420571314298544,-1.0728659361647284,0.4396408822274213,3,cluster_3
197,0.2738091742915971,1.0402291942473814,1.9610811483119754,-0.3000046317143701,-0.942617444277472,-0.6498134751443264,-0.9426174442774721,0.651805858307688,3,cluster_3
198,1.6442473620586162,0.561927559674474,1.0123612419260488,-0.7534980285333555,-0.4898845122358497,-0.26870789036074477,-0.48988451223585056,0.47392738494023356,3,cluster_3
199,0.1540058301991023,1.0239025231910965,1.6474224114750826,0.3861284705824744,-1.1180897287698766,-0.8623215008515014,-1.1180897287698763,1.3085031794493627,3,cluster_3
200,1.92481270063265,1.451610706878422,0.2634232375587947,-0.04426096033350296,-0.5887097588661903,-0.29673322300216937,-0.5887097588661903,1.2600833339935726,3,cluster_3
201,0.2949814702435508,0.8226412277714731,1.0177971909644117,-0.14109754988171586,-1.23031646266789,-0.9815974551541282,-1.23031646266789,1.7841222429879147,3,cluster_3
202,1.638787491428527,1.1205271097564273,1.0655879752820367,0.002733029730687525,-1.0558361568577475,-0.7924038906698423,-1.0558361568577475,1.2798855876227422,3,cluster_3
203,1.8084392249667909,0.5285299845078696,0.38245466293731245,0.809825252102342,-0.7544274614519909,-0.5468759512251482,-0.7544274614519909,1.3354777781280898,3,cluster_3
204,-0.7797821940903439,0.6201243764637729,1.7506609068857157,0.7198598723742411,-1.1323937738648282,-0.8827239678915535,-1.1323937738648284,0.8939636619556404,3,cluster_3
205,2.715774126058059,1.2968648193143997,2.13250962367793,-0.7199649301845026,-0.4565711492587055,-0.09477713423717504,-0.4565711492587057,0.38351394239225045,3,cluster_3
206,4.723936245616268,0.6778249660014064,0.5171127737368334,-0.7811307216363904,-0.5695613579106396,-0.3156453604195531,-0.5695613579106402,1.7027827078791857,3,cluster_3
207,0.7253267089103417,1.7776846685837706,1.2823275885613576,-1.1046121563847597,-1.2417029054434998,-0.9684537852922332,-1.2417029054434998,1.3908265267294404,3,cluster_3
208,0.08463713066618687,0.7929167928128839,-0.07332787806429211,-0.14551828687507024,-0.8540457551412635,-0.6350089477647404,-0.8540457551412638,0.503103374473655,3,cluster_3
209,-0.3690896492588714,1.250022740775383,1.1003680099801838,0.20142478001103756,-0.1841499776312131,0.14081557819453133,-0.18414997763121313,0.7169598905942021,3,cluster_3
210,1.6650993596418255,0.2532255309860465,-0.6157973835189221,-0.46933640494743906,0.3873240640436449,0.33494200244109273,0.3873240640436443,0.9956537782297704,3,cluster_3
211,-0.2548541844422429,0.27081218511346944,1.1587099906138352,-0.945474889728318,-0.028387089518846366,0.09433225502326374,-0.028387089518846137,0.9274113351086198,3,cluster_3
212,1.0125908749765862,0.9483431449486494,1.0917484065163303,-0.9274233595524233,-0.3142459098100252,-0.048814365338516345,-0.3142459098100256,1.88076037967633,3,cluster_3
213,2.2142327668680126,1.4416538656966125,0.5385612511765435,-0.7616308975733024,-0.3635319101671114,-0.022898823625843223,-0.36353191016711156,1.1977357802091757,3,cluster_3
214,3.0357687228459316,1.5849331365141452,1.1346494773955316,-0.5698643638174001,-0.6033754753769323,-0.2530920330761692,-0.6033754753769323,0.6185765124257115,3,cluster_3
215,1.3794964254994826,0.2596405143490092,-0.26971236360012857,-1.0869473578328204,-0.7016160803631243,-0.5774222662962804,-0.701616080363124,1.3899982936390876,3,cluster_3
216,0.26571235281431704,1.1083940212167758,0.7900263306046382,-0.5771774435195784,0.00487909450621409,0.2870252808057347,0.004879094506214556,0.7139032077095995,3,cluster_3
217,0.7543964381007326,0.6754930845123277,-0.019110265499368617,-1.160931219612684,-0.9289574168266053,-0.7288909556143588,-0.9289574168266057,0.7452286878423466,3,cluster_3
218,2.627974567859108,0.4332843431260758,0.3035487590600919,-1.0330313039959975,-0.15856183443601585,-0.027770961496759256,-0.15856183443601563,1.4026617841648665,3,cluster_3
219,1.9804246839720887,2.6317188054227296,3.447651357244825,-1.0367407395521986,-1.083369620989243,-0.717323869310511,-1.0833696209892434,0.8792858532799147,3,cluster_3
220,2.129367398740295,1.51376369718904,1.5797542483490226,-1.1175022277390472,0.37662764394538767,0.8875682649759149,0.37662764394538817,0.4038945475196839,3,cluster_3
221,2.323671610219741,1.876505734471062,3.42927226420752,-1.1660550848846634,-0.6416853036524202,-0.16666735612628644,-0.6416853036524203,1.3680117727748937,3,cluster_3
222,2.896463499158203,1.6234130736527606,1.121812771554398,-1.2060059174926265,-0.8587764327856835,-0.5410020033328132,-0.8587764327856837,1.022872076745052,3,cluster_3
223,2.4846113130084784,3.0872522560432873,2.341103450626348,-0.9853277922866313,-0.8717796668791964,-0.4600090295314712,-0.8717796668791968,1.2518724300257107,3,cluster_3
