,TRACK_MIN_SPEED,TRACK_MEDIAN_SPEED,TRACK_STD_SPEED,TOTAL_DISTANCE_TRAVELED,CONFINEMENT_RATIO,MEAN_STRAIGHT_LINE_SPEED,LINEARITY_OF_FORWARD_PROGRESSION,MEAN_DIRECTIONAL_CHANGE_RATE,LABEL,TRACK_ID
0,0.0052145396466317,0.195425827116616,0.1881011366189193,120.70110303910856,0.0612894726416262,0.0148250640331253,0.0612894726416262,1.7724799633033046,Track_11,11
1,0.0138440525982881,0.2503964325929372,0.2170191988662813,98.0408483224974,0.0689035474679031,0.0204707946854021,0.0689035474679031,1.8027995003193449,Track_17,17
2,0.0,0.280064730699779,0.2158476925766929,119.86985064770832,0.039069170363258,0.0121641964061652,0.0390691703632581,1.946604814385401,Track_25,25
3,0.0264639341833392,0.3664292635115215,0.2952693673114511,40.14273456068854,0.3551140133954089,0.1397573292011048,0.3551140133954089,1.6136833540548288,Track_31,31
4,0.020816720677211,0.2766567167432926,0.2773196334885101,57.00350278115579,0.1060772785334437,0.035779742259755,0.1060772785334438,1.788806767081454,Track_34,34
5,0.0237265102516745,0.2658740906120629,0.2089305131423346,46.20853378872648,0.1050614750755812,0.0330254198702275,0.1050614750755813,1.8210859674485005,Track_37,37
6,0.0,0.1684138033044059,0.1776708309412339,43.88995061104449,0.1636800114256109,0.0355638990964616,0.1636800114256107,1.5943161325682291,Track_42,42
7,0.0,0.2629731742519811,0.1982315055909039,140.8509801209375,0.1106405244104238,0.0322646507335459,0.1106405244104237,1.890537710031112,Track_49,49
8,0.0081326109014918,0.3409584355892658,0.2621559667714881,49.36934429578868,0.1102461436519927,0.0421920916530093,0.1102461436519926,1.8645604921830812,Track_53,53
9,0.0062480636246102,0.1690938966017884,0.1687620781834885,110.341166027828,0.0280723375894179,0.0062074838932729,0.028072337589418,1.88930027718932,Track_57,57
10,0.0142917768875532,0.2995151395424335,0.1946455692065671,51.59828626089618,0.0861400765331545,0.0253981732999612,0.0861400765331545,1.6367600649131966,Track_75,75
11,0.0076847823799346,0.268973888486524,0.2165917442514728,94.0479261759782,0.0684095268142651,0.0199188053484879,0.0684095268142651,1.6453551100414314,Track_82,82
12,0.0035591757719078,0.2874068457237792,0.2256739877152905,57.153883016130585,0.0927758786740058,0.0294583428691825,0.0927758786740058,1.8100457066183864,Track_92,92
13,0.0071713608557527,0.2562762069688724,0.2014678881096055,58.27901983936876,0.0879311947834277,0.0253690289370434,0.0879311947834277,1.630241113146784,Track_93,93
14,0.0472631581498636,0.3076406106608694,0.2411896875553649,40.17405496967798,0.0541268738385875,0.0189086609124195,0.0541268738385876,1.7343716754253675,Track_104,104
15,0.0023628288402491,0.2622338401687741,0.2042401400727136,110.3888835101557,0.0583436016844786,0.0162638511361384,0.0583436016844786,1.92337707484049,Track_105,105
16,0.0131748460850788,0.2878659170739244,0.1775618182370854,37.03488033697722,0.1043917578691787,0.0299700485337343,0.1043917578691788,1.836439126187409,Track_112,112
17,0.0138427185979247,0.2480996751935048,0.1633403669800161,118.25297646320584,0.034137836112648,0.0093663590030945,0.0341378361126481,1.956048805481612,Track_117,117
18,0.0102945092966507,0.2827195210386117,0.2145979685220763,38.04752696039952,0.1079304955518123,0.0320819409324754,0.1079304955518124,1.887297675130243,Track_119,119
19,0.0024804768010163,0.2517889842764031,0.1672973037406204,72.17328595237728,0.0436947925998952,0.0119908622089051,0.0436947925998952,1.8947155144018344,Track_126,126
20,0.0079553751874218,0.3724417965105926,0.2358176976304253,51.38763492679437,0.1188505952174153,0.0459206841944718,0.1188505952174152,1.6260098905521274,Track_130,130
21,0.0258338966677691,0.2490079115358737,0.1626763930334411,43.08414170546447,0.0345688096953542,0.0091372238987967,0.0345688096953542,2.043494512921669,Track_140,140
22,0.0081680504852231,0.3304158271515146,0.2769118998275505,36.58237120355838,0.1034730498499918,0.037852895191767,0.1034730498499918,1.5379808995231556,Track_142,142
23,0.0132814570238592,0.3173827830506948,0.2970494789809538,62.5077265633444,0.0705579860318701,0.0290159164325027,0.07055798603187,1.7515163313117,Track_146,146
24,0.0078848268049755,0.1494758910407332,0.1650447116654138,50.49806831292157,0.0997090429938065,0.0206357133791691,0.0997090429938065,1.8860863571300963,Track_157,157
25,0.012768521930819,0.2737247097780511,0.2193261831486317,39.28609075832941,0.102380221397485,0.0319215767434877,0.102380221397485,1.7399155052674964,Track_160,160
26,0.016304015230264,0.2202422384542734,0.173192396672824,64.04658291548732,0.0648545192516625,0.01641782744939,0.0648545192516626,1.840620410707672,Track_163,163
27,0.0345003074394368,0.2701178823724005,0.2201800750568524,37.28732940055061,0.1290078848841578,0.0397550371813545,0.1290078848841578,1.9065195548718,Track_193,193
28,0.0131626428149129,0.3222991390770607,0.2704966275676111,47.39139850997597,0.0387937774868698,0.0148265432950611,0.0387937774868698,1.9140546475813272,Track_287,287
29,0.0177540983349388,0.2742637620856338,0.1976337571864735,63.85231702145254,0.0921372319114397,0.0285591055412055,0.0921372319114397,1.830985105891788,Track_362,362
30,0.038477960400805,0.3201311723498514,0.2222411616966218,47.77946045168572,0.1411752904482542,0.0485271885376086,0.1411752904482541,1.959048657733064,Track_395,395
31,0.0062661220328945,0.2345636920557641,0.1717420744998564,125.78627396478272,0.0673162652962748,0.0173513569443508,0.0673162652962748,1.9307873530766395,Track_470,470
32,0.0077607221348016,0.3018390981325337,0.2206015686913297,48.33925175525216,0.1133785101769198,0.0388697329579967,0.1133785101769198,1.8403112723807236,Track_580,580
33,0.0058859446106286,0.2197617496301392,0.1720425157930034,112.9894075125404,0.0797842948334402,0.0188593728076072,0.0797842948334403,1.9224143360756327,Track_639,639
34,0.0,0.2276634514041387,0.1798218110907165,118.70550442804874,0.0547268823939886,0.0137927434827025,0.0547268823939886,1.9937343827808585,Track_742,742
35,0.004113564812591,0.2979395809912911,0.2471409765116359,78.82126735972616,0.0438070624147488,0.0154839828647404,0.0438070624147488,1.9472579267649852,Track_825,825
36,0.0109175385433354,0.2797667150260122,0.1504756787111282,36.49627420723378,0.0856347958807961,0.0248043729535399,0.0856347958807962,1.907933765616041,Track_842,842
37,0.0243363573201065,0.3463310418882217,0.3062001469093216,38.65621100927706,0.1548813580781055,0.0604760248411176,0.1548813580781056,1.605461097986061,Track_911,911
38,0.016497970433738,0.3677127590344545,0.2412192713277409,36.644780553726754,0.4133872629227821,0.1577967243074072,0.4133872629227823,1.5375262393113256,Track_936,936
39,0.0227860608707964,0.2614125607541965,0.2079832230949141,39.002880719249255,0.1557882591015687,0.046383136543496,0.1557882591015686,1.9456637168698696,Track_951,951
40,0.0057489550996793,0.2085470650435316,0.1660672508629484,101.17920458395352,0.0408027527980381,0.0100447447030199,0.0408027527980381,1.8669949326158344,Track_1023,1023
41,0.0176956928024906,0.2713940147341847,0.2315777792265935,63.2419294348133,0.0283537209699661,0.0090107739738542,0.0283537209699661,2.02932742153409,Track_1038,1038
42,0.0016939666025418,0.2462646085687001,0.191350819148463,77.88554192883348,0.0092630281968868,0.0025766284679164,0.0092630281968868,1.9649817376759096,Track_1052,1052
43,0.0131286775910457,0.2245870880922923,0.1744371721673213,114.2574886734123,0.0876023096361465,0.0222427108911483,0.0876023096361464,1.9857036374964423,Track_1110,1110
44,0.0020787449281585,0.1604413505146112,0.2059282671085486,105.1594832595442,0.0330760852034388,0.0077639822058979,0.0330760852034388,1.853716376516338,Track_1136,1136
45,0.0047108968197117,0.2192087140000032,0.1981808992736558,114.4853003375428,0.1081292062388033,0.0277560642410527,0.1081292062388032,1.886507408884193,Track_1183,1183
46,0.0067679447327367,0.2423871920772018,0.2012026167497367,77.83060530234921,0.1466924088553684,0.0413665180234529,0.1466924088553684,1.8875241078220648,Track_1197,1197
47,0.0187506608487822,0.3413673809761787,0.2108090695379756,63.48775933131568,0.1632798377911138,0.0542736703944423,0.1632798377911138,1.602421634463953,Track_1282,1282
48,0.0047755934229662,0.3555396871359042,0.2492579658699732,41.29005577104368,0.2745661657387879,0.0929250188212801,0.2745661657387878,1.5964315253194168,Track_1283,1283
49,0.0128612406122572,0.3375037067862007,0.2158568818234961,102.07866222146164,0.1082702307893986,0.0342169669269062,0.1082702307893987,1.6475448842020377,Track_1320,1320
50,0.0093315431677029,0.218078545625656,0.191241696917233,110.91877604065289,0.0175805741449748,0.0044931238853745,0.0175805741449748,1.8800257913478349,Track_1389,1389
51,0.001682077448991,0.1488149306095187,0.1678977548737087,92.92165828378756,0.0836997664402748,0.0180872583618512,0.0836997664402747,1.8336579699262112,Track_1463,1463
52,0.0105610771883874,0.2033011284710279,0.1986755208880828,47.61907858314523,0.0203059071065826,0.0053422573823779,0.0203059071065826,1.8926848991459824,Track_1472,1472
53,0.0124651748310124,0.1907413844962394,0.2025188968717743,80.2119361474727,0.200311458777731,0.0526799014461851,0.200311458777731,1.713925315838893,Track_1483,1483
54,0.0045028047470791,0.3536176189044936,0.2157451088030516,53.355845371849554,0.1366191002041639,0.0502719143816178,0.1366191002041638,1.5879361197373782,Track_1489,1489
55,0.0040468839893937,0.1588128206292412,0.18007682159084,94.91152725366705,0.0787368089830762,0.0175012430718126,0.0787368089830762,1.8364837865432535,Track_1496,1496
56,0.0012424012911169,0.2169480905961901,0.1864797246276917,110.41777339824148,0.037172039741769,0.0096348682182091,0.0371720397417691,1.8530340009076296,Track_1515,1515
57,0.00495679040828,0.2327916166302042,0.1745296575174375,91.78284383363112,0.1181492049833377,0.0308070171308333,0.1181492049833376,1.944211540233839,Track_1546,1546
58,0.0196211247289277,0.331586076008386,0.3485820296162523,55.49397950419451,0.0766087652175209,0.0329560096652926,0.0766087652175209,1.872567783224032,Track_1548,1548
59,0.0120690408593274,0.2682176837280558,0.1692822981108623,114.0864311076206,0.1022699237022443,0.0286673479234342,0.1022699237022445,1.859561038836059,Track_1603,1603
60,0.0048362925375171,0.2536281676228694,0.2004077850690775,97.42862946175882,0.1146938109412225,0.0318360706773486,0.1146938109412226,1.9794009350967787,Track_1606,1606
61,0.0204984804900253,0.3023088167830851,0.2249340133303196,66.1207652096466,0.0883954043092385,0.0289345137323908,0.0883954043092385,1.9095744799401655,Track_1617,1617
62,2.557953848736361e-13,0.107764862330502,0.1610347202220763,79.60942967270817,0.1046518242028184,0.0197892447482063,0.1046518242028184,1.9204539536733076,Track_1619,1619
63,0.0226824675039855,0.3156844437378265,0.2490615330954604,54.83724728055716,0.0301525362589206,0.0110971952145395,0.0301525362589206,1.9797537140176669,Track_1638,1638
64,0.0210033050781434,0.1850372608800685,0.160171598969235,50.87221177568268,0.1321953748986236,0.0304301860072784,0.1321953748986234,1.794670853631558,Track_1685,1685
65,0.052693169731716,0.4815887586288531,0.3359586392012423,35.70226473886964,0.0617892597553718,0.0339387155354626,0.0617892597553718,2.1328361299962,Track_1690,1690
66,0.0028206860248754,0.1772383094706046,0.1795546327378963,95.50543026078066,0.0968518710695613,0.0223427043914495,0.0968518710695613,1.890943171913072,Track_1713,1713
67,0.0058225967950911,0.2353118373830776,0.1769291177869023,53.690671642350175,0.0367832529932684,0.0102327334632076,0.0367832529932683,2.051873822794031,Track_1737,1737
68,0.0,0.1677630565983486,0.1849961970781279,58.43156413965311,0.0831093206438673,0.0177883062263924,0.0831093206438673,1.9012965333037128,Track_1745,1745
69,0.0027765865717954,0.2927565159851901,0.2265047440145496,68.42379531906552,0.0843446254848668,0.0257641937073203,0.0843446254848668,1.69962026031728,Track_1778,1778
70,0.0,0.1436252607821564,0.150950871316328,79.9678044780704,0.0986815732481605,0.0193890632803373,0.0986815732481605,1.871238901982008,Track_1805,1805
71,3.1776437161565096e-14,0.2633321256429085,0.2328587315766055,122.7324429893094,0.0256076978342331,0.0077602353445122,0.0256076978342331,1.8816971338534876,Track_1818,1818
72,0.0065369912369141,0.2688968409419777,0.1848424736569054,52.144099413199925,0.0729500575686158,0.0221157851980032,0.0729500575686158,1.9173296920821783,Track_1836,1836
73,0.0176596909798202,0.3999740277385179,0.2265928823714407,38.39485376015967,0.4579999932933733,0.174107354105477,0.4579999932933734,1.3610586120475148,Track_1838,1838
74,0.0064598160376282,0.2483568606826095,0.1840475776802066,80.35288046192096,0.0215090639401709,0.0057997155826589,0.0215090639401709,1.8990486456534577,Track_1853,1853
75,0.0083071677886942,0.2186320812971038,0.2057886529761562,108.70504481320609,0.0704192263391757,0.0189478345418599,0.0704192263391757,1.6687797067361183,Track_1861,1861
76,0.0099570090678423,0.1679994284269309,0.1895649486759696,45.19900332606559,0.1074224347586416,0.0248994204407687,0.1074224347586417,2.0128603513567067,Track_1894,1894
77,0.0141134553553204,0.3784694263941088,0.2596877865885326,138.5595931531493,0.0711693453472412,0.0290035162832051,0.0711693453472413,1.7476826748759025,Track_1906,1906
78,0.0026326101355913,0.1545801307053486,0.1618082484153605,85.64486335987947,0.088036513058492,0.0188969301543227,0.088036513058492,1.9262787602185112,Track_1921,1921
79,0.0276483816152601,0.3616757236235586,0.2225293032790799,44.22443838757043,0.0982653819145601,0.0377889680705351,0.0982653819145601,2.0326825031540814,Track_1947,1947
80,0.0275998332210663,0.3008206156758646,0.2296160998484253,47.90033843060684,0.1009240211995594,0.033571491466921,0.1009240211995594,1.8792326659362104,Track_1953,1953
81,0.0095066599236637,0.2452861899068973,0.1840372434681707,55.44294284469061,0.0255253120109176,0.0070059327471,0.0255253120109176,2.101597490043415,Track_1970,1970
82,1.1368683772161605e-13,0.1870669094348293,0.1447122522769988,86.3205754244477,0.0626066495129289,0.0137163502826211,0.0626066495129289,2.027949023201689,Track_1995,1995
83,0.0,0.117661217517719,0.1567676144362216,71.40361763693596,0.1427879140446636,0.0259429354137934,0.1427879140446638,1.9565635524988487,Track_2006,2006
84,0.0378232947688185,0.3358999416868808,0.2169450709643638,36.61809866715744,0.3134194317183463,0.1125178791653609,0.3134194317183462,1.442439844300503,Track_2019,2019
85,0.0026833507705136,0.2906275859078357,0.2476535217304376,36.30107249696776,0.1215313170284336,0.0397451995504607,0.1215313170284334,1.6579472452841773,Track_2038,2038
86,0.0210568898442756,0.2656722265692861,0.1754438260264202,44.09074426150641,0.0603192206938027,0.0168324008459735,0.0603192206938027,2.007000400548713,Track_2106,2106
87,0.006249461910438,0.1840018851591223,0.1837437818576321,88.38819812100712,0.0614664354063276,0.0141481965377254,0.0614664354063275,1.9668197874753743,Track_2127,2127
88,0.0031853376995859,0.1607671944285917,0.1911713014694532,72.14189823355132,0.0724159305934351,0.0162242940849674,0.072415930593435,1.8342587839146764,Track_2140,2140
89,3.694822225952521e-13,0.2506581679804107,0.1822154168033551,98.92947309071626,0.0959569397860181,0.0248507054775611,0.0959569397860181,1.8419830279263496,Track_2156,2156
90,0.0082974968340614,0.2387481617760444,0.1744077362786076,101.39034124118945,0.0557125818255585,0.0149833360284378,0.0557125818255585,1.9925048688757228,Track_2208,2208
91,0.0015708743693035,0.1309209041585445,0.1722387620252144,77.38371363486789,0.115827503547057,0.0239017663080722,0.1158275035470571,1.912171084938641,Track_2239,2239
92,0.0105644812792014,0.2837765332602572,0.1897675502993536,76.9852485631513,0.0963806156963617,0.03104554667805,0.0963806156963616,2.0894012843411383,Track_2253,2253
93,0.0151706133600765,0.2730549765201261,0.209365829650204,92.03364264038466,0.0494440824485598,0.0151180033712706,0.0494440824485598,2.034828230830066,Track_2257,2257
94,0.0179518392020229,0.2980905882469209,0.207443180737687,44.16937375810334,0.0759040181690677,0.0236100911848691,0.0759040181690678,1.84454909830892,Track_2266,2266
95,0.0097771319297989,0.2366466603286767,0.1766640429553663,97.70979103738412,0.0973208651187675,0.0255623693396027,0.0973208651187675,1.9071865241674493,Track_2279,2279
96,0.0236254911178018,0.4017114877360745,0.2743178007789703,66.8362569719484,0.1537339826012205,0.0642187747903513,0.1537339826012205,1.683457292810379,Track_2280,2280
97,1.1368683772161605e-13,0.2420096475374223,0.2002581263202026,98.04697871423456,0.1523616814470006,0.0402657750342292,0.1523616814470006,1.750499088097276,Track_2289,2289
98,7.105427357601002e-15,0.0764829226875703,0.1898987702267836,63.22587997057243,0.02069618416332,0.0035365796101592,0.02069618416332,1.8136851507178655,Track_2299,2299
99,0.0122992824969786,0.3112561180499,0.2510430570759405,113.77076793805486,0.1273292983357532,0.0433723115349471,0.1273292983357532,1.768743653736346,Track_2302,2302
100,0.0199371310105854,0.2933615780657257,0.3036869464675877,36.43354162770215,0.0685527342849092,0.0240155663294427,0.0685527342849091,1.9601209734901144,Track_2304,2304
101,0.0054243316095444,0.1606675113863421,0.1805810984779726,81.94140965669017,0.0911723766598342,0.0204120029105397,0.0911723766598341,1.877911564634264,Track_2356,2356
102,0.0067713110913912,0.1917079396550486,0.2008560586092165,91.3075890985506,0.0838553292360694,0.0209770628646868,0.0838553292360694,2.1112178486368656,Track_2361,2361
103,0.0244533336420291,0.3184903393923936,0.2155199380482896,57.32566845886621,0.1910005027827596,0.0608290638777846,0.1910005027827596,1.6793261282451029,Track_2378,2378
104,0.0006588849892727427,0.1214171644863953,0.2026236140989721,76.67465261723395,0.0465784069678833,0.0098930281820681,0.0465784069678833,1.94224962511038,Track_2410,2410
105,0.0163699096675662,0.2432630869784269,0.2491945341473685,41.27014385514382,0.0230364752498723,0.0072024139960431,0.0230364752498723,1.8264366915065973,Track_2414,2414
106,0.0238196318271732,0.3279314576466496,0.204566593059146,70.83165796274446,0.1224240550306762,0.0416898980401205,0.1224240550306762,1.859441158500756,Track_2489,2489
107,0.0080970480771906,0.2103918206032475,0.1699057065007703,81.99232914531231,0.0942962315226919,0.0232878543740094,0.0942962315226919,1.890811019352945,Track_2491,2491
108,0.000828629998736119,0.1530584524119358,0.1876464954363956,79.04779519243732,0.0392690790981908,0.0087687404574842,0.0392690790981908,1.6739164458036115,Track_2503,2503
109,0.0069080255369821,0.2883601647849573,0.199007471376733,99.74717658891292,0.0910565947065782,0.0258764621988094,0.0910565947065781,1.8606200851296488,Track_2554,2554
110,0.0070826854656628,0.2132127254346973,0.1371825314478642,81.60198981436093,0.0439446559462481,0.0102456324769181,0.0439446559462481,1.9559616211419013,Track_2561,2561
111,0.0,0.1931461874591377,0.1885405381110865,84.47600199191204,0.0926879264915349,0.022564569057421,0.0926879264915348,1.8997378338390347,Track_2594,2594
112,0.0096564094087626,0.2366962698191994,0.2049563459734378,92.4868707858702,0.0769982111114053,0.0206415176863875,0.0769982111114053,1.929966395783228,Track_2618,2618
113,0.0042059911211422,0.239520468163901,0.1871569532478565,92.7395947812686,0.0489341949591939,0.0131540214825021,0.048934194959194,1.8546066568641952,Track_2627,2627
114,0.0089869920678899,0.2839822177558984,0.1874973558986098,93.59437009598874,0.050583984089125,0.0156767421449244,0.050583984089125,1.964877553394526,Track_2628,2628
115,0.0243791844242564,0.3333450849791861,0.2430047794774994,41.408468229066095,0.0839978219612543,0.029228749092381,0.0839978219612543,1.694210798974432,Track_2631,2631
116,0.010837090580853,0.2143031837176019,0.1914257748144658,43.12213957380708,0.0765225011035028,0.0196417498400122,0.0765225011035028,1.8530983719043477,Track_2632,2632
117,0.0156933141318233,0.2798908220260723,0.1771718706130771,98.53407152610104,0.1054254087555094,0.0302856990291073,0.1054254087555094,1.7854622211284263,Track_2635,2635
118,0.01891664353775,0.3370345514445271,0.2175043995158643,40.583693482519806,0.0502288394351894,0.0174228360993199,0.0502288394351895,2.128503407761923,Track_2655,2655
119,0.0144002844737791,0.2551832895679526,0.210522286470651,50.35398301814371,0.1922005637506113,0.0549889995634995,0.1922005637506112,1.7317959871678503,Track_2667,2667
120,0.0109882471798805,0.2962633763161936,0.1996215933981327,107.61209817363984,0.0438138395744671,0.0140324381120585,0.0438138395744671,1.9605076344702093,Track_2668,2668
121,0.0096553874076714,0.3410492370020819,0.2874732185913382,53.877291102657885,0.0255097826814393,0.0102567013992048,0.0255097826814393,1.999935633463428,Track_2704,2704
122,0.0076402946933733,0.2202755751255056,0.2049886944800398,89.2293239670793,0.0859684125448836,0.0228300694461397,0.0859684125448837,1.8550677909871909,Track_2711,2711
123,0.010347289857336,0.2381423193108384,0.1419150099134296,65.57698685975467,0.061782147124105,0.0153465418565335,0.061782147124105,1.9744465319842417,Track_2726,2726
124,0.0065745732228889,0.1361842085185032,0.203145994909298,74.3343872867724,0.0818861165437438,0.0180621789334493,0.0818861165437438,1.8506276412796456,Track_2729,2729
125,0.0050906773352827,0.2634684257575049,0.176028007462618,85.08253060358047,0.0267748600821579,0.0070094549302978,0.0267748600821579,1.7711282240105972,Track_2735,2735
126,0.0146420465631513,0.2811182962581574,0.243696062800389,48.28448648337819,0.0167021369912544,0.0056003757485955,0.0167021369912545,1.9720123223274784,Track_2750,2750
127,0.0153089602311277,0.3289838160155517,0.2845298548664373,58.15167116330856,0.024471940078943,0.0097471521383485,0.024471940078943,2.0024866553402774,Track_2776,2776
128,0.0091449047980529,0.1960390666639629,0.1844465001989346,77.53905259646321,0.0531508642564359,0.0124509596952485,0.053150864256436,1.9739477215517651,Track_2783,2783
129,0.0306878637843408,0.2944372506256712,0.2447869702451044,47.11904724656795,0.0514791298153137,0.0179677596294812,0.0514791298153136,1.9769370668391228,Track_2798,2798
130,0.0150840577454837,0.2666568748286256,0.1529555209098272,92.15850546617818,0.0666853980537737,0.0187366665276005,0.0666853980537738,1.976299021877019,Track_2819,2819
131,0.0087641061231814,0.1707304449269027,0.1978974874402319,41.94063647984171,0.0097566500917898,0.0021765963551104,0.0097566500917898,2.001961107458492,Track_2821,2821
132,0.0139645405479948,0.3278045802185663,0.2713903572078831,74.8439725894507,0.0140043709109791,0.0051632647911025,0.0140043709109791,2.0968114266706466,Track_2835,2835
133,0.0097780241179952,0.2304177442139664,0.1992609398402954,54.44961543341028,0.0063235708035171,0.0017130149174997,0.0063235708035171,1.9569683995274263,Track_2855,2855
134,0.0024199444551304,0.2294859896600416,0.1573990380721923,82.71908342902152,0.0828718540381057,0.0210925655633715,0.0828718540381057,1.9357548884509048,Track_2868,2868
135,0.0037779586521371,0.2299889881358583,0.1814804482215667,74.19434718151699,0.0606634468538773,0.0157373595702939,0.0606634468538773,1.90930955072668,Track_2902,2902
136,0.0179253378768206,0.2047304073728367,0.1821945207710936,50.134065425123474,0.0266801488370018,0.0065890853563856,0.0266801488370019,1.8910845348630856,Track_2903,2903
137,0.0152760708320803,0.2504964895225146,0.1894254158471549,91.0818409412408,0.0507434420722108,0.0145798300303854,0.0507434420722108,2.068013898895404,Track_2963,2963
138,0.0046152245764853,0.1187389853924105,0.1352484368045697,54.71784065805424,0.0899326482496943,0.0155725326483658,0.0899326482496944,2.084645592071116,Track_2975,2975
139,0.0,0.1309035062925078,0.1595901511770421,60.01105996378352,0.0673112427244582,0.0129468558441482,0.0673112427244582,1.9747818429036923,Track_3009,3009
140,0.0108681787432472,0.2664359384237649,0.1747884969911562,75.9392778103341,0.0632400250525912,0.018329777981684,0.0632400250525912,2.082227049009329,Track_3010,3010
141,0.0,0.3021226779473516,0.1862020538733255,70.42195513377634,0.0568224898830641,0.017944174139617,0.056822489883064,2.0444551601639454,Track_3064,3064
142,0.0,0.1019466629552501,0.1593913551421671,53.49344821116141,0.0270349822052371,0.0047729188794901,0.0270349822052371,1.8686576124496168,Track_3111,3111
143,0.0023805484039175,0.2334377763552864,0.1857334049370608,80.21054713534998,0.1198477562096143,0.0317262511502218,0.1198477562096143,1.78419054999337,Track_3114,3114
144,0.0044388097321573,0.2301966436232596,0.1784412101962029,77.46311926967115,0.0678747286525871,0.0174677348870827,0.0678747286525871,1.9962604694848285,Track_3138,3138
145,0.0338363365289125,0.358696903529849,0.2134131617103111,64.37342381775312,0.0455838392420097,0.0173632414364865,0.0455838392420097,2.0898566383634107,Track_3220,3220
146,0.0143759149582556,0.2545149420775529,0.1784027464606334,50.68161794254862,0.0412202660097008,0.0114159004010594,0.0412202660097007,1.9548356198028785,Track_3225,3225
147,0.0088351276495635,0.2269498797808525,0.1690668866238937,76.09073320328557,0.0746025085468718,0.0195743433590891,0.0746025085468718,2.0271384802225594,Track_3257,3257
148,0.0120433568274099,0.2933516242225543,0.2045277606478766,92.76176702765264,0.0158130370592342,0.0050580871023735,0.0158130370592342,1.9787227592425456,Track_3261,3261
149,0.0021718124966412,0.2405993358244976,0.2266994613589229,51.43674899037005,0.0701027579494657,0.0193863331407491,0.0701027579494657,2.016646071974857,Track_3341,3341
150,0.0214534496962419,0.2602842108823198,0.1939158315553996,80.41924496125472,0.0532192043647884,0.0152851722587678,0.0532192043647885,1.926987736191212,Track_3371,3371
151,0.0074166141305848,0.2655309936989187,0.1623795768823409,42.802436313863794,0.0727438853057657,0.0204843126185727,0.0727438853057657,1.8707799542751529,Track_3374,3374
152,0.0117291813788073,0.2454331218691399,0.1620820255491961,73.69458755346481,0.0740977330584106,0.0195720497361516,0.0740977330584105,2.0415163713385747,Track_3386,3386
153,0.0155465533603557,0.3132679656638731,0.2450146879244583,62.01757546062335,0.0073096321779059,0.0025904323724724,0.0073096321779059,2.165127008239708,Track_3421,3421
154,0.0081522293020915,0.1708172925249115,0.1912049344101939,64.77346591407274,0.0619062043242953,0.0146345964075524,0.0619062043242953,2.0200543709785945,Track_3441,3441
155,0.0180105129957099,0.2243647954216073,0.1947471360726701,49.24392008148024,0.0677768949785189,0.0188564971734071,0.0677768949785189,1.9332596020336352,Track_3444,3444
156,0.0146455872236111,0.2635359826636694,0.1863849493325346,68.89178105547403,0.0478391648932457,0.0143918134222803,0.0478391648932457,2.037828137927732,Track_3451,3451
157,0.0053939239457529,0.1607313823341611,0.1388727702686015,51.8641642637904,0.0586250840918647,0.0115609923624296,0.0586250840918646,1.9313756150943109,Track_3545,3545
158,0.030626593728834,0.33478353942917,0.2470166946435265,65.5166973965131,0.0177180261576071,0.0066714170013301,0.0177180261576071,2.0927009366196456,Track_3547,3547
159,0.0090298935029155,0.2102450685386185,0.1809339810824651,64.55420780784335,0.1205715362049529,0.0297076336026161,0.1205715362049528,2.0206490578431398,Track_3557,3557
160,0.0079961610210443,0.1441455132344724,0.171081555118398,50.7699036358909,0.1155788807800694,0.0226560951333909,0.1155788807800694,1.8823847864312544,Track_3585,3585
161,0.003222765935156,0.2221397595964454,0.1535062743681527,60.53057628646866,0.1523004009921564,0.0361522785910411,0.1523004009921563,1.9725942458159136,Track_3627,3627
162,0.0325304064443652,0.2920250248857638,0.2183995145561708,85.15170204710356,0.0356981668739154,0.0119675577530528,0.0356981668739155,2.100685925271731,Track_3639,3639
163,0.0070560206670669,0.1998913310538582,0.1895431214791048,37.616059463026666,0.0170713741422812,0.0042247225319186,0.0170713741422812,1.9989936692232728,Track_3649,3649
164,0.0128343928152462,0.2047968657601863,0.1700245616912134,59.12695219496761,0.0761015533632678,0.0178557655066377,0.0761015533632679,1.8277638827784823,Track_3679,3679
165,0.0,0.1376829689417696,0.1628777264241047,47.68713797871735,0.0154711933413317,0.0030113344145449,0.0154711933413317,1.8405458510649768,Track_3734,3734
166,0.0049396064960549,0.2181005730625025,0.1949995399533715,61.479608505466935,0.1131612094100532,0.0286300693519968,0.1131612094100531,1.806885868787968,Track_3754,3754
167,0.0095192630998438,0.217704666352312,0.178593236537367,61.9705665535672,0.0891317912031891,0.0229192846423065,0.089131791203189,1.9919761979303017,Track_3782,3782
168,0.0104534429237718,0.1880920917209357,0.1616362426853436,56.282381057283786,0.0166517806501844,0.0038888044142572,0.0166517806501844,1.9549576213546032,Track_3783,3783
169,0.0116999175479283,0.2765638679892412,0.2186593294964827,72.16540854970775,0.0883535336116107,0.0265669535412176,0.0883535336116107,1.703376977948727,Track_3784,3784
170,0.0130262484567156,0.1419743307066275,0.1383154993258945,45.36377053423611,0.082230561722991,0.0155428680537629,0.082230561722991,2.030004992119024,Track_3787,3787
171,0.0109666049240091,0.2209087614873034,0.1456259882716993,56.17922736206583,0.0557205959657809,0.0130976570272444,0.0557205959657809,2.0250643188926256,Track_3802,3802
172,0.0,0.1438999688881909,0.179502066822588,52.486688159549466,0.0150588831655272,0.0033922356426614,0.0150588831655272,1.7333170871850134,Track_3845,3845
173,0.0035834294171868,0.3656972947910544,0.2961540324894884,37.911342206312895,0.176722233113264,0.0720406134948468,0.1767222331132639,1.8649198914684453,Track_3865,3865
174,0.0034856761286575,0.298640665356816,0.2757151274419291,82.9630170364085,0.0131510818468616,0.0047231750099929,0.0131510818468615,2.037269010497821,Track_3871,3871
175,0.0427124168837292,0.3475199839102471,0.2917111757931099,47.93484316651084,0.0534663948252238,0.0217195190731004,0.0534663948252238,1.963950524913379,Track_3878,3878
176,0.0053971157529201,0.2539076101928118,0.1634883629590634,59.60743932899848,0.0304440563374043,0.0078899662654801,0.0304440563374043,2.0494013952928043,Track_3884,3884
177,0.0030856489346913,0.2293128459029345,0.1638569715789083,59.47412157332149,0.072565584734244,0.0188461764564348,0.0725655847342439,2.032184636983887,Track_3888,3888
178,0.0160476824448683,0.2687101641140551,0.1872115394464067,66.2741415716775,0.0589314968524524,0.017129975286975,0.0589314968524524,1.832074472171863,Track_3904,3904
179,0.0059136041430924,0.1531295783664917,0.1396649497492281,45.252003031089465,0.0834181772922323,0.0166292493906434,0.0834181772922323,2.0592292845438886,Track_3926,3926
180,0.0129841779669655,0.2419551378848857,0.1493147545519984,55.56237843999513,0.0302913185283607,0.0075473439619695,0.0302913185283608,2.081517212792019,Track_3958,3958
181,0.0,0.1443209523022559,0.1391780192323811,41.0972173907548,0.065681018593372,0.012496792127676,0.065681018593372,2.020158518336896,Track_3962,3962
182,0.0024833351619751,0.2363168820063961,0.1880710374487604,61.27158081552536,0.0548783473959805,0.0150783995403376,0.0548783473959805,2.030237308746785,Track_3963,3963
183,0.0079042099327961,0.2618932994757933,0.1924923254811612,52.17718391530629,0.0090236982786882,0.002586984421337,0.0090236982786882,2.054581320034368,Track_3966,3966
184,0.0,0.298560778925755,0.2148863484102679,62.93940624676984,0.0718606946434911,0.0203732858258638,0.0718606946434912,1.7000702710390312,Track_3967,3967
185,0.0,0.1348229740647047,0.1625258088981291,43.66775251883763,0.1323180810933209,0.0263837133285416,0.1323180810933209,1.9422130782689744,Track_3988,3988
186,0.0057278788721343,0.2565275752526611,0.1704763862168105,57.8975333783347,0.0673467804119636,0.0178046231361873,0.0673467804119635,2.010525358151668,Track_4003,4003
187,0.0123716394264811,0.1528571668447016,0.1377384489476242,42.11053584657051,0.1038971002424444,0.0207353676024369,0.1038971002424444,1.9913675935890276,Track_4063,4063
188,0.0025188964593798,0.2742810879988307,0.1782490860063438,63.14264810736434,0.016409386808191,0.0049575700329532,0.016409386808191,1.9103278761204407,Track_4100,4100
189,0.017120739875251,0.2399951367626576,0.151260527541178,52.10044354480853,0.0472712396481095,0.0118978384182582,0.0472712396481095,1.914134497085531,Track_4115,4115
190,0.0024894595791971,0.1436194389069449,0.1861819592281585,45.63625162136213,0.1150225983272551,0.0256058548263681,0.115022598327255,1.651236497792938,Track_4131,4131
191,0.0120957177032521,0.2781094926591359,0.1747734283231878,52.90676993502061,0.0692622099669674,0.0194917011059225,0.0692622099669674,2.0955632297935205,Track_4176,4176
192,0.0652477868344329,0.3028082387987852,0.2240404858531882,46.44679686111376,0.0467261120062696,0.0169552986911316,0.0467261120062696,2.153443797722097,Track_4196,4196
193,0.0057057365674472,0.3112996179917755,0.2249365614171222,68.6421920133723,0.1307086532736256,0.045543799369632,0.1307086532736257,1.7731202310059588,Track_4219,4219
194,0.0174403380902955,0.2243154953508231,0.2201847612645967,53.76736566102037,0.0592099332789429,0.0164101140895543,0.0592099332789428,1.9940951574521688,Track_4248,4248
195,0.0081190812048036,0.1781806176169117,0.1461243041051405,42.05180244092863,0.1047710280159945,0.0228280340500601,0.1047710280159945,2.1201165600596608,Track_4253,4253
196,0.0203758393355406,0.382248433831538,0.2560961472674798,38.57711443870143,0.0066303888565145,0.0028739468504589,0.0066303888565145,2.108635947126805,Track_4272,4272
197,0.0083017795805454,0.1638282401011252,0.1429687785212419,38.61692541874805,0.1618416050401119,0.0332437510185344,0.1618416050401119,1.987355193723276,Track_4302,4302
198,0.0064129366882088,0.130623675325804,0.1554199980455107,35.74774848036078,0.1317034160457198,0.0250430882489718,0.1317034160457197,1.9860540975144525,Track_4309,4309
199,0.0017883127970426,0.2169899898909769,0.1730921737268272,36.59855119726009,0.0722507431880385,0.0169504648949199,0.0722507431880385,2.0661648088907016,Track_4337,4337
200,0.0035249545218987,0.2789483979308134,0.1912254770165093,56.54057888589288,0.0889869022548497,0.0273444074279976,0.0889869022548497,2.045499479034018,Track_4342,4342
201,0.0064909952318082,0.1258640529953412,0.1821405255893337,36.99952719258308,0.1619923571591308,0.0327521345557371,0.1619923571591307,1.980807360612287,Track_4343,4343
202,0.0131860927863582,0.3111210419200496,0.1993062997753732,61.91002741466587,0.0297555681176307,0.0100664920103905,0.0297555681176307,1.9811277623886232,Track_4344,4344
203,0.0080944217790383,0.3441366943450942,0.2484736672408446,70.35048631511344,0.0697173227998464,0.026801352806322,0.0697173227998464,2.0118450598880417,Track_4345,4345
204,0.0309218625612185,0.2721404528537038,0.1765816759735987,54.03215413320515,0.1038078578164256,0.0309887412915743,0.1038078578164256,2.0518752783404257,Track_4375,4375
205,0.0034354498481939,0.2159317664228544,0.1987589226074834,45.81843717212593,0.0233624657225224,0.0060819981130303,0.0233624657225224,2.1206317890966275,Track_4420,4420
206,0.0141195930414362,0.1549611986135347,0.1805154299794299,38.16131801567805,0.0899499770010834,0.0195034640786435,0.0899499770010835,1.9310800971425068,Track_4423,4423
207,0.0030070133571541,0.2165626573206351,0.1492356084262769,41.329569647833615,0.0200864168773393,0.0047710515247552,0.0200864168773393,2.0388057791744774,Track_4436,4436
208,0.009376359345762,0.2734106941677331,0.2509176747812113,42.44861869096596,0.0790091537567095,0.0257986880070343,0.0790091537567095,2.042073269659718,Track_4476,4476
209,0.0235994855704907,0.3223471098429899,0.248112582895887,42.88777777233145,0.0619566204616295,0.0227109552981457,0.0619566204616295,2.179007634597496,Track_4493,4493
210,0.0370841760336264,0.3579777450739696,0.2249389853559939,46.92119015292288,0.0590165287015976,0.0232699644148999,0.0590165287015976,2.080901342575852,Track_4494,4494
211,0.0463033603392443,0.3683264588155234,0.2499097543251014,51.5865018456316,0.0447089751435681,0.0183046002282537,0.0447089751435681,1.9977137556331093,Track_4586,4586
212,0.0154031471163045,0.2318394830738487,0.1442325353453138,37.84516490538992,0.0627589893404647,0.0155236882410816,0.0627589893404647,1.967447761670532,Track_4636,4636
213,0.0277168584844958,0.2726037915216168,0.1910795450740803,39.006865081942486,0.0388485606013496,0.0113086609104814,0.0388485606013496,2.108516983801783,Track_4689,4689
214,0.007358438590449,0.2355122365639112,0.1844184072581424,41.02309987090717,0.0678748432040834,0.0194715837166662,0.0678748432040834,1.699898600863172,Track_4716,4716
215,0.015218098609131,0.3339071959121955,0.2354731246427685,51.40858865308409,0.080993604368063,0.0299551574855279,0.080993604368063,2.011406013001695,Track_4753,4753
216,0.0207020565743243,0.3026398126623874,0.2015775331563826,37.20697972826189,0.0252868111145134,0.0080414176797443,0.0252868111145134,2.0159054508023524,Track_4815,4815
217,0.0417271400944443,0.2851456635366532,0.2150940624278598,40.31853918619375,0.0712437499478732,0.0231648703551993,0.0712437499478732,2.110335905258645,Track_4862,4862
218,0.0344604079651979,0.4439332452996034,0.3468038599731625,40.22829573894178,0.0160755534385461,0.0082909245883717,0.0160755534385461,2.035160762295192,Track_4883,4883
219,0.0125449614917089,0.3569486980061923,0.2163152738756534,38.55517842790486,0.1681821954395347,0.0540357879464002,0.1681821954395347,1.7708443022523566,Track_4907,4907
220,0.0361318263960475,0.3631860630658804,0.268555665976515,38.26352374364536,0.1031697768935494,0.0429091218238361,0.1031697768935494,1.9668778947325185,Track_5126,5126
221,0.0383122864525456,0.3893860394088667,0.3460339402433142,37.08232592085847,0.0424236525443524,0.0201688168000376,0.0424236525443524,2.1053589481495893,Track_5140,5140
222,0.0447400927517852,0.3711057712168801,0.2493720110820976,36.1103988444864,0.0294733657424947,0.0120942612755784,0.0294733657424946,2.0557847807866856,Track_5157,5157
223,0.0401183337366655,0.4768353200608433,0.3004493927750997,41.47907406473652,0.0286976748539033,0.0138413137296602,0.0286976748539032,2.0886772645267127,Track_5178,5178
